city,last_name,company_name,address,first_name,email,county,state,zip,phone1,phone2,web
New Orleans,Butt,"Benton, John B Jr",6649 N Blue Gum St,James,jbutt@gmail.com,Orleans,LA,70116,504-621-8927,504-845-1427,http://www.bentonjohnbjr.com
Brighton,Darakjy,"Chanay, Jeffrey A Esq",4 B Blue Ridge Blvd,Josephine,josephine_darakjy@darakjy.org,Livingston,MI,48116,810-292-9388,810-374-9840,http://www.chanayjeffreyaesq.com
Bridgeport,Venere,"Chemel, James L Cpa",8 W Cerritos Ave #54,Art,art@venere.org,Gloucester,NJ,8014,856-636-8749,856-264-4130,http://www.chemeljameslcpa.com
Anchorage,Paprocki,Feltz Printing Service,639 Main St,Lenna,lpaprocki@hotmail.com,Anchorage,AK,99501,907-385-4412,907-921-2010,http://www.feltzprintingservice.com
Hamilton,Foller,Printing Dimensions,34 Center St,Donette,donette.foller@cox.net,Butler,OH,45011,513-570-1893,513-549-4561,http://www.printingdimensions.com
Ashland,Morasca,"Chapman, Ross E Esq",3 Mcauley Dr,Simona,simona@morasca.com,Ashland,OH,44805,419-503-2484,419-800-6759,http://www.chapmanrosseesq.com
Chicago,Tollner,Morlong Associates,7 Eads St,Mitsue,mitsue_tollner@yahoo.com,Cook,IL,60632,773-573-6914,773-924-8565,http://www.morlongassociates.com
San Jose,Dilliard,Commercial Press,7 W Jackson Blvd,Leota,leota@hotmail.com,Santa Clara,CA,95111,408-752-3500,408-813-1105,http://www.commercialpress.com
Sioux Falls,Wieser,Truhlar And Truhlar Attys,5 Boston Ave #88,Sage,sage_wieser@cox.net,Minnehaha,SD,57105,605-414-2147,605-794-4895,http://www.truhlarandtruhlarattys.com
Baltimore,Marrier,"King, Christopher A Esq",228 Runamuck Pl #2808,Kris,kris@gmail.com,Baltimore City,MD,21224,410-655-8723,410-804-4694,http://www.kingchristopheraesq.com
Kulpsville,Amigon,"Dorl, James J Esq",2371 Jerrold Ave,Minna,minna_amigon@yahoo.com,Montgomery,PA,19443,215-874-1229,215-422-8694,http://www.dorljamesjesq.com
Middle Island,Maclead,Rangoni Of Florence,37275 St  Rt 17m M,Abel,amaclead@gmail.com,Suffolk,NY,11953,631-335-3414,631-677-3675,http://www.rangoniofflorence.com
Los Angeles,Caldarera,Feiner Bros,25 E 75th St #69,Kiley,kiley.caldarera@aol.com,Los Angeles,CA,90034,310-498-5651,310-254-3084,http://www.feinerbros.com
Chagrin Falls,Ruta,Buckley Miller & Wright,98 Connecticut Ave Nw,Graciela,gruta@cox.net,Geauga,OH,44023,440-780-8425,440-579-7763,http://www.buckleymillerwright.com
Laredo,Albares,"Rousseaux, Michael Esq",56 E Morehead St,Cammy,calbares@gmail.com,Webb,TX,78045,956-537-6195,956-841-7216,http://www.rousseauxmichaelesq.com
Phoenix,Poquette,Century Communications,73 State Road 434 E,Mattie,mattie@aol.com,Maricopa,AZ,85013,602-277-4385,602-953-6360,http://www.centurycommunications.com
Mc Minnville,Garufi,"Bolton, Wilbur Esq",69734 E Carrillo St,Meaghan,meaghan@hotmail.com,Warren,TN,37110,931-313-9635,931-235-7959,http://www.boltonwilburesq.com
Milwaukee,Rim,T M Byxbee Company Pc,322 New Horizon Blvd,Gladys,gladys.rim@rim.org,Milwaukee,WI,53207,414-661-9598,414-377-2880,http://www.tmbyxbeecompanypc.com
Taylor,Whobrey,Farmers Insurance Group,1 State Route 27,Yuki,yuki_whobrey@aol.com,Wayne,MI,48180,313-288-7937,313-341-4470,http://www.farmersinsurancegroup.com
Rockford,Flosi,Post Box Services Plus,394 Manchester Blvd,Fletcher,fletcher.flosi@yahoo.com,Winnebago,IL,61109,815-828-2147,815-426-5657,http://www.postboxservicesplus.com
Aston,Nicka,Sport En Art,6 S 33rd St,Bette,bette_nicka@cox.net,Delaware,PA,19014,610-545-3615,610-492-4643,http://www.sportenart.com
San Jose,Inouye,C 4 Network Inc,6 Greenleaf Ave,Veronika,vinouye@aol.com,Santa Clara,CA,95111,408-540-1785,408-813-4592,http://www.cnetworkinc.com
Irving,Kolmetz,"Ingalls, Donald R Esq",618 W Yakima Ave,Willard,willard@hotmail.com,Dallas,TX,75062,972-303-9197,972-896-4882,http://www.ingallsdonaldresq.com
Albany,Royster,"Franklin, Peter L Esq",74 S Westgate St,Maryann,mroyster@royster.com,Albany,NY,12204,518-966-7987,518-448-8982,http://www.franklinpeterlesq.com
Middlesex,Slusarski,Wtlz Power 107 Fm,3273 State St,Alisha,alisha@slusarski.com,Middlesex,NJ,8846,732-658-3154,732-635-3453,http://www.wtlzpowerfm.com
Stevens Point,Iturbide,"Ledecky, David Esq",1 Central Ave,Allene,allene_iturbide@cox.net,Portage,WI,54481,715-662-6764,715-530-9863,http://www.ledeckydavidesq.com
Shawnee,Caudy,Professional Image Inc,86 Nw 66th St #8673,Chanel,chanel.caudy@caudy.org,Johnson,KS,66218,913-388-2079,913-899-1103,http://www.professionalimageinc.com
Easton,Chui,"Sider, Donald C Esq",2 Cedar Ave #84,Ezekiel,ezekiel@chui.com,Talbot,MD,21601,410-669-1642,410-235-8738,http://www.siderdonaldcesq.com
New York,Kusko,U Pull It,90991 Thorburn Ave,Willow,wkusko@yahoo.com,New York,NY,10011,212-582-4976,212-934-5167,http://www.upullit.com
Conroe,Figeroa,"Clark, Richard Cpa",386 9th Ave N,Bernardo,bfigeroa@aol.com,Montgomery,TX,77301,936-336-3951,936-597-3614,http://www.clarkrichardcpa.com
Columbus,Corrio,"Moskowitz, Barry S",74874 Atlantic Ave,Ammie,ammie@corrio.com,Franklin,OH,43215,614-801-9788,614-648-3265,http://www.moskowitzbarrys.com
Las Cruces,Vocelka,Cascade Realty Advisors Inc,366 South Dr,Francine,francine_vocelka@vocelka.com,Dona Ana,NM,88011,505-977-3911,505-335-5293,http://www.cascaderealtyadvisorsinc.com
Ridgefield Park,Stenseth,Knwz Newsradio,45 E Liberty St,Ernie,ernie_stenseth@aol.com,Bergen,NJ,7660,201-709-6245,201-387-9093,http://www.knwznewsradio.com
Dunellen,Glick,"Giampetro, Anthony D",4 Ralph Ct,Albina,albina@glick.com,Middlesex,NJ,8812,732-924-7882,732-782-6701,http://www.giampetroanthonyd.com
New York,Sergi,Milford Enterprises Inc,2742 Distribution Way,Alishia,asergi@gmail.com,New York,NY,10025,212-860-1579,212-753-2740,http://www.milfordenterprisesinc.com
Metairie,Shinko,"Mosocco, Ronald A",426 Wolf St,Solange,solange@shinko.com,Jefferson,LA,70002,504-979-9175,504-265-8174,http://www.mosoccoronalda.com
New York,Stockham,Tri State Refueler Co,128 Bransten Rd,Jose,jose@yahoo.com,New York,NY,10011,212-675-8570,212-569-4233,http://www.tristaterefuelerco.com
Camarillo,Ostrosky,Parkway Company,17 Morena Blvd,Rozella,rozella.ostrosky@ostrosky.com,Ventura,CA,93012,805-832-6163,805-609-1531,http://www.parkwaycompany.com
San Antonio,Gillian,Fbs Business Finance,775 W 17th St,Valentine,valentine_gillian@gmail.com,Bexar,TX,78204,210-812-9597,210-300-6244,http://www.fbsbusinessfinance.com
Abilene,Rulapaugh,Eder Assocs Consltng Engrs Pc,6980 Dorsett Rd,Kati,kati.rulapaugh@hotmail.com,Dickinson,KS,67410,785-463-7829,785-219-7724,http://www.ederassocsconsltngengrspc.com
Prineville,Schemmer,Tri M Tool Inc,2881 Lewis Rd,Youlanda,youlanda@aol.com,Crook,OR,97754,541-548-8197,541-993-2611,http://www.trimtoolinc.com
Overland Park,Oldroyd,International Eyelets Inc,7219 Woodfield Rd,Dyan,doldroyd@aol.com,Johnson,KS,66204,913-413-4604,913-645-8918,http://www.internationaleyeletsinc.com
Fairbanks,Campain,Rapid Trading Intl,1048 Main St,Roxane,roxane@hotmail.com,Fairbanks North Star,AK,99708,907-231-4722,907-335-6568,http://www.rapidtradingintl.com
Miami,Perin,Abc Enterprises Inc,678 3rd Ave,Lavera,lperin@perin.org,Miami-Dade,FL,33196,305-606-7291,305-995-2078,http://www.abcenterprisesinc.com
Fairbanks,Ferencz,Cindy Turner Associates,20 S Babcock St,Erick,erick.ferencz@aol.com,Fairbanks North Star,AK,99712,907-741-1044,907-227-6777,http://www.cindyturnerassociates.com
Hopkins,Saylors,"Stanton, James D Esq",2 Lighthouse Ave,Fatima,fsaylors@saylors.org,Hennepin,MN,55343,952-768-2416,952-479-2375,http://www.stantonjamesdesq.com
Boston,Briddick,Grace Pastries Inc,38938 Park Blvd,Jina,jina_briddick@briddick.com,Suffolk,MA,2128,617-399-5124,617-997-5771,http://www.gracepastriesinc.com
Los Angeles,Waycott,"Schroer, Gene E Esq",5 Tomahawk Dr,Kanisha,kanisha_waycott@yahoo.com,Los Angeles,CA,90006,323-453-2780,323-315-7314,http://www.schroergeneeesq.com
Madison,Bowley,Knights Inn,762 S Main St,Emerson,emerson.bowley@bowley.org,Dane,WI,53711,608-336-7444,608-658-7940,http://www.knightsinn.com
Philadelphia,Malet,Bollinger Mach Shp & Shipyard,209 Decker Dr,Blair,bmalet@yahoo.com,Philadelphia,PA,19132,215-907-9111,215-794-4519,http://www.bollingermachshpshipyard.com
New York,Bolognia,Orinda News,4486 W O St #1,Brock,bbolognia@yahoo.com,New York,NY,10003,212-402-9216,212-617-5063,http://www.orindanews.com
Tullahoma,Nestle,Ballard Spahr Andrews,39 S 7th St,Lorrie,lnestle@hotmail.com,Coffee,TN,37388,931-875-6644,931-303-6041,http://www.ballardspahrandrews.com
Columbia,Uyetake,Lowy Limousine Service,98839 Hawthorne Blvd #6101,Sabra,sabra@uyetake.org,Richland,SC,29201,803-925-5213,803-681-3678,http://www.lowylimousineservice.com
Wayne,Mastella,Vicon Corporation,71 San Mateo Ave,Marjory,mmastella@mastella.com,Delaware,PA,19087,610-814-5533,610-379-7125,http://www.viconcorporation.com
Flemington,Klonowski,"Rossi, Michael M",76 Brooks St #9,Karl,karl_klonowski@yahoo.com,Hunterdon,NJ,8822,908-877-6135,908-470-4661,http://www.rossimichaelm.com
Westbury,Wenner,Northwest Publishing,4545 Courthouse Rd,Tonette,twenner@aol.com,Nassau,NY,11590,516-968-6051,516-333-4861,http://www.northwestpublishing.com
Jenkintown,Monarrez,Branford Wire & Mfg Co,14288 Foster Ave #4121,Amber,amber_monarrez@monarrez.org,Montgomery,PA,19046,215-934-8655,215-329-6386,http://www.branfordwiremfgco.com
Van Nuys,Seewald,East Coast Marketing,4 Otis St,Shenika,shenika@gmail.com,Los Angeles,CA,91405,818-423-4007,818-749-8650,http://www.eastcoastmarketing.com
Providence,Ahle,Wye Technologies Inc,65895 S 16th St,Delmy,delmy.ahle@hotmail.com,Providence,RI,2909,401-458-2547,401-559-8961,http://www.wyetechnologiesinc.com
Huntingdon Valley,Juhas,"Healy, George W Iv",14302 Pennsylvania Ave,Deeanna,deeanna_juhas@gmail.com,Montgomery,PA,19006,215-211-9589,215-417-9563,http://www.healygeorgewiv.com
Providence,Pugh,Alpenlite Inc,201 Hawk Ct,Blondell,bpugh@aol.com,Providence,RI,2904,401-960-8259,401-300-8122,http://www.alpenliteinc.com
Monroe Township,Vanausdal,"Hubbard, Bruce Esq",53075 Sw 152nd Ter #615,Jamal,jamal@vanausdal.org,Middlesex,NJ,8831,732-234-1546,732-904-2931,http://www.hubbardbruceesq.com
Austin,Hollack,Arthur A Oliver & Son Inc,59 N Groesbeck Hwy,Cecily,cecily@hollack.org,Travis,TX,78731,512-486-3817,512-861-3814,http://www.arthuraoliversoninc.com
Littleton,Lindall,George Jessop Carter Jewelers,2664 Lewis Rd,Carmelina,carmelina_lindall@lindall.com,Douglas,CO,80126,303-724-7371,303-874-5160,http://www.georgejessopcarterjewelers.com
Milwaukee,Yglesias,"Schultz, Thomas C Md",59 Shady Ln #53,Maurine,maurine_yglesias@yglesias.com,Milwaukee,WI,53214,414-748-1374,414-573-7719,http://www.schultzthomascmd.com
New York,Buvens,H H H Enterprises Inc,3305 Nabell Ave #679,Tawna,tawna@gmail.com,New York,NY,10009,212-674-9610,212-462-9157,http://www.hhhenterprisesinc.com
Anchorage,Weight,Hawaiian King Hotel,18 Fountain St,Penney,penney_weight@aol.com,Anchorage,AK,99515,907-797-9628,907-873-2882,http://www.hawaiiankinghotel.com
Erie,Morocco,Killion Industries,7 W 32nd St,Elly,elly_morocco@gmail.com,Erie,PA,16502,814-393-5571,814-420-3553,http://www.killionindustries.com
Glen Burnie,Eroman,"Robinson, William J Esq",2853 S Central Expy,Ilene,ilene.eroman@hotmail.com,Anne Arundel,MD,21061,410-914-9018,410-937-4543,http://www.robinsonwilliamjesq.com
Boise,Mondella,Private Properties,74 W College St,Vallie,vmondella@mondella.com,Ada,ID,83707,208-862-5339,208-737-8439,http://www.privateproperties.com
San Francisco,Blackwood,Rowley Schlimgen Inc,701 S Harrison Rd,Kallie,kallie.blackwood@gmail.com,San Francisco,CA,94104,415-315-2761,415-604-7609,http://www.rowleyschlimgeninc.com
Chapel Hill,Abdallah,Forging Specialties,1088 Pinehurst St,Johnetta,johnetta_abdallah@aol.com,Orange,NC,27514,919-225-9345,919-715-3791,http://www.forgingspecialties.com
San Carlos,Rhym,"Smits, Patricia Garity",30 W 80th St #1995,Bobbye,brhym@rhym.com,San Mateo,CA,94070,650-528-5783,650-811-9032,http://www.smitspatriciagarity.com
Concord,Rhymes,H Lee Leonard Attorney At Law,20932 Hedley St,Micaela,micaela_rhymes@gmail.com,Contra Costa,CA,94520,925-647-3298,925-522-7798,http://www.hleeleonardattorneyatlaw.com
London,Hoogland,A K Construction Co,2737 Pistorio Rd #9230,Tamar,tamar@hotmail.com,Madison,OH,43140,740-343-8575,740-526-5410,http://www.akconstructionco.com
Wellsville,Parlato,"Ambelang, Jessica M Md",74989 Brandon St,Moon,moon@yahoo.com,Allegany,NY,14895,585-866-8313,585-498-4278,http://www.ambelangjessicammd.com
Baltimore,Reitler,Q A Service,6 Kains Ave,Laurel,laurel_reitler@reitler.com,Baltimore City,MD,21215,410-520-4832,410-957-6903,http://www.qaservice.com
Newark,Crupi,Wood & Whitacre Contractors,47565 W Grand Ave,Delisa,delisa.crupi@crupi.com,Essex,NJ,7105,973-354-2040,973-847-9611,http://www.woodwhitacrecontractors.com
Chicago,Toelkes,Mark Iv Press Ltd,4284 Dorigo Ln,Viva,viva.toelkes@gmail.com,Cook,IL,60647,773-446-5569,773-352-3437,http://www.markivpressltd.com
Newark,Lipke,Museum Of Science & Industry,6794 Lake Dr E,Elza,elza@yahoo.com,Essex,NJ,7104,973-927-3447,973-796-3667,http://www.museumofscienceindustry.com
Clovis,Chickering,Garrison Ind,31 Douglas Blvd #950,Devorah,devorah@hotmail.com,Curry,NM,88101,505-975-8559,505-950-1763,http://www.garrisonind.com
Staten Island,Mulqueen,Saronix Nymph Products,44 W 4th St,Timothy,timothy_mulqueen@mulqueen.org,Richmond,NY,10309,718-332-6527,718-654-7063,http://www.saronixnymphproducts.com
Jacksonville,Honeywell,Smc Inc,11279 Loytan St,Arlette,ahoneywell@honeywell.com,Duval,FL,32254,904-775-4480,904-514-9918,http://www.smcinc.com
Hayward,Dickerson,E A I Electronic Assocs Inc,69 Marquette Ave,Dominque,dominque.dickerson@dickerson.org,Alameda,CA,94545,510-993-3758,510-901-7640,http://www.eaielectronicassocsinc.com
Beachwood,Isenhower,"Conte, Christopher A Esq",70 W Main St,Lettie,lettie_isenhower@yahoo.com,Cuyahoga,OH,44122,216-657-7668,216-733-8494,http://www.contechristopheraesq.com
Euless,Munns,Anker Law Office,461 Prospect Pl #316,Myra,mmunns@cox.net,Tarrant,TX,76040,817-914-7518,817-451-3518,http://www.ankerlawoffice.com
Gardena,Barfield,Beutelschies & Company,47154 Whipple Ave Nw,Stephaine,stephaine@barfield.com,Los Angeles,CA,90247,310-774-7643,310-968-1219,http://www.beutelschiescompany.com
Evanston,Gato,"Fligg, Kenneth I Jr",37 Alabama Ave,Lai,lai.gato@gato.org,Cook,IL,60201,847-728-7286,847-957-4614,http://www.fliggkennethijr.com
Akron,Emigh,"Sharp, J Daniel Esq",3777 E Richmond St #900,Stephen,stephen_emigh@hotmail.com,Summit,OH,44302,330-537-5358,330-700-2312,http://www.sharpjdanielesq.com
Philadelphia,Shields,"Assink, Anne H Esq",3 Fort Worth Ave,Tyra,tshields@gmail.com,Philadelphia,PA,19106,215-255-1641,215-228-8264,http://www.assinkannehesq.com
Burlingame,Wardrip,Jewel My Shop Inc,4800 Black Horse Pike,Tammara,twardrip@cox.net,San Mateo,CA,94010,650-803-1936,650-216-5075,http://www.jewelmyshopinc.com
San Gabriel,Gibes,Chinese Translation Resources,83649 W Belmont Ave,Cory,cory.gibes@gmail.com,Los Angeles,CA,91776,626-572-1096,626-696-2777,http://www.chinesetranslationresources.com
Waco,Bruschke,"Stevens, Charles T",840 15th Ave,Danica,danica_bruschke@gmail.com,McLennan,TX,76708,254-782-8569,254-205-1422,http://www.stevenscharlest.com
Anchorage,Giguere,"Mclaughlin, Luther W Cpa",1747 Calle Amanecer #2,Wilda,wilda@cox.net,Anchorage,AK,99501,907-870-5536,907-914-9482,http://www.mclaughlinlutherwcpa.com
San Jose,Benimadho,Tree Musketeers,99385 Charity St #840,Elvera,elvera.benimadho@cox.net,Santa Clara,CA,95110,408-703-8505,408-440-8447,http://www.treemusketeers.com
San Leandro,Vanheusen,Springfield Div Oh Edison Co,68556 Central Hwy,Carma,carma@cox.net,Alameda,CA,94577,510-503-7169,510-452-4835,http://www.springfielddivohedisonco.com
Indianapolis,Hochard,Logan Memorial Hospital,55 Riverside Ave,Malinda,malinda.hochard@yahoo.com,Marion,IN,46202,317-722-5066,317-472-2412,http://www.loganmemorialhospital.com
Rock Springs,Fern,"Kelly, Charles G Esq",7140 University Ave,Natalie,natalie.fern@hotmail.com,Sweetwater,WY,82901,307-704-8713,307-279-3793,http://www.kellycharlesgesq.com
Mc Lean,Centini,Industrial Paper Shredders Inc,64 5th Ave #1153,Lisha,lisha@centini.org,Fairfax,VA,22102,703-235-3937,703-475-7568,http://www.industrialpapershreddersinc.com
New Orleans,Klusman,Beck Horizon Builders,3 Secor Rd,Arlene,arlene_klusman@gmail.com,Orleans,LA,70112,504-710-5840,504-946-1807,http://www.beckhorizonbuilders.com
Boulder,Buemi,Porto Cayo At Hawks Cay,4 Webbs Chapel Rd,Alease,alease@buemi.com,Boulder,CO,80303,303-301-4946,303-521-9860,http://www.portocayoathawkscay.com
San Leandro,Cronauer,Pacific Grove Museum Ntrl Hist,524 Louisiana Ave Nw,Louisa,louisa@cronauer.com,Alameda,CA,94577,510-828-7047,510-472-7758,http://www.pacificgrovemuseumntrlhist.com
Honolulu,Cetta,Bender & Hatley Pc,185 Blackstone Bldge,Angella,angella.cetta@hotmail.com,Honolulu,HI,96817,808-892-7943,808-475-2310,http://www.benderhatleypc.com
Burnsville,Goldammer,Di Cristina J & Son,170 Wyoming Ave,Cyndy,cgoldammer@cox.net,Dakota,MN,55337,952-334-9408,952-938-9457,http://www.dicristinajson.com
High Point,Cork,Green Goddess,4 10th St W,Rosio,rosio.cork@gmail.com,Guilford,NC,27263,336-243-5659,336-497-4407,http://www.greengoddess.com
Lynbrook,Korando,American Arts & Graphics,7 W Pinhook Rd,Celeste,ckorando@hotmail.com,Nassau,NY,11563,516-509-2347,516-365-7266,http://www.americanartsgraphics.com
Portland,Felger,Opryland Hotel,1 Commerce Way,Twana,twana.felger@felger.org,Washington,OR,97224,503-939-3153,503-909-7167,http://www.oprylandhotel.com
Beloit,Samu,Marking Devices Pubg Co,64 Lakeview Ave,Estrella,estrella@aol.com,Rock,WI,53511,608-976-7199,608-942-8836,http://www.markingdevicespubgco.com
Worcester,Kines,W Tc Industries Inc,3 Aspen St,Donte,dkines@hotmail.com,Worcester,MA,1602,508-429-8576,508-843-1426,http://www.wtcindustriesinc.com
Miami,Steffensmeier,Whitehall Robbins Labs Divsn,32860 Sierra Rd,Tiffiny,tiffiny_steffensmeier@cox.net,Miami-Dade,FL,33133,305-385-9695,305-304-6573,http://www.whitehallrobbinslabsdivsn.com
Erie,Miceli,Sampler,555 Main St,Edna,emiceli@miceli.org,Erie,PA,16502,814-460-2655,814-299-2877,http://www.sampler.com
Mesquite,Kownacki,Juno Chefs Incorporated,2 Se 3rd Ave,Sue,sue@aol.com,Dallas,TX,75149,972-666-3413,972-742-4000,http://www.junochefsincorporated.com
Tullahoma,Shin,"Carroccio, A Thomas Esq",2239 Shawnee Mission Pky,Jesusa,jshin@shin.com,Coffee,TN,37388,931-273-8709,931-739-1551,http://www.carroccioathomasesq.com
Paterson,Francescon,"Stanley, Richard L Esq",2726 Charcot Ave,Rolland,rolland@cox.net,Passaic,NJ,7501,973-649-2922,973-284-4048,http://www.stanleyrichardlesq.com
Homestead,Schmierer,K Cs Cstm Mouldings Windows,5161 Dorsett Rd,Pamella,pamella.schmierer@schmierer.org,Miami-Dade,FL,33030,305-420-8970,305-575-8481,http://www.kcscstmmouldingswindows.com
Owings Mills,Kulzer,Comfort Inn,55892 Jacksonville Rd,Glory,gkulzer@kulzer.org,Baltimore,MD,21117,410-224-9462,410-916-8015,http://www.comfortinn.com
Thousand Oaks,Palaspas,"Windsor, James L Esq",5 N Cleveland Massillon Rd,Shawna,shawna_palaspas@palaspas.org,Ventura,CA,91362,805-275-3566,805-638-6617,http://www.windsorjameslesq.com
Honolulu,Callaro,Jackson Shields Yeiser,7 Benton Dr,Brandon,brandon_callaro@hotmail.com,Honolulu,HI,96819,808-215-6832,808-240-5168,http://www.jacksonshieldsyeiser.com
Albany,Cartan,"Box, J Calvin Esq",9390 S Howell Ave,Scarlet,scarlet.cartan@yahoo.com,Dougherty,GA,31701,229-735-3378,229-365-9658,http://www.boxjcalvinesq.com
Boston,Menter,Custom Engineering Inc,8 County Center Dr #647,Oretha,oretha_menter@yahoo.com,Suffolk,MA,2210,617-418-5043,617-697-6024,http://www.customengineeringinc.com
Hackensack,Smith,Bresler Eitel Framg Gllry Ltd,4646 Kaahumanu St,Ty,tsmith@aol.com,Bergen,NJ,7601,201-672-1553,201-995-3149,http://www.breslereitelframggllryltd.com
San Mateo,Rochin,"Carol, Drake Sparks Esq",2 Monroe St,Xuan,xuan@gmail.com,San Mateo,CA,94403,650-933-5072,650-247-2625,http://www.caroldrakesparksesq.com
Ontario,Dilello,Biltmore Investors Bank,52777 Leaders Heights Rd,Lindsey,lindsey.dilello@hotmail.com,San Bernardino,CA,91761,909-639-9887,909-589-1693,http://www.biltmoreinvestorsbank.com
Oakland,Perez,Desco Equipment Corp,72868 Blackington Ave,Devora,devora_perez@perez.org,Alameda,CA,94606,510-955-3016,510-755-9274,http://www.descoequipmentcorp.com
Troy,Demesa,Merlin Electric Co,9 Norristown Rd,Herman,hdemesa@cox.net,Rensselaer,NY,12180,518-497-2940,518-931-7852,http://www.merlinelectricco.com
Clarks Summit,Papasergi,Bailey Cntl Co Div Babcock,83 County Road 437 #8581,Rory,rpapasergi@cox.net,Lackawanna,PA,18411,570-867-7489,570-469-8401,http://www.baileycntlcodivbabcock.com
Orange,Riopelle,Ford Brothers Wholesale Inc,1 N Harlem Ave #9,Talia,talia_riopelle@aol.com,Essex,NJ,7050,973-245-2133,973-818-9788,http://www.fordbrotherswholesaleinc.com
Pittstown,Shire,Cambridge Inn,90131 J St,Van,van.shire@shire.com,Hunterdon,NJ,8867,908-409-2890,908-448-1209,http://www.cambridgeinn.com
Cocoa,Lary,"Matricciani, Albert J Jr",8597 W National Ave,Lucina,lucina_lary@cox.net,Brevard,FL,32922,321-749-4981,321-632-4668,http://www.matriccianialbertjjr.com
Bronx,Isaacs,Nelson Hawaiian Ltd,6 Gilson St,Bok,bok.isaacs@aol.com,Bronx,NY,10468,718-809-3762,718-478-8568,http://www.nelsonhawaiianltd.com
Pearl City,Spickerman,Neland Travel Agency,65 W Maple Ave,Rolande,rolande.spickerman@spickerman.com,Honolulu,HI,96782,808-315-3077,808-526-5863,http://www.nelandtravelagency.com
Denver,Paulas,"Asendorf, J Alan Esq",866 34th Ave,Howard,hpaulas@gmail.com,Denver,CO,80231,303-623-4241,303-692-3118,http://www.asendorfjalanesq.com
Rockaway,Madarang,"Silberman, Arthur L Esq",798 Lund Farm Way,Kimbery,kimbery_madarang@cox.net,Morris,NJ,7866,973-310-1634,973-225-6259,http://www.silbermanarthurlesq.com
Absecon,Manno,Honey Bee Breeding Genetics &,9387 Charcot Ave,Thurman,thurman.manno@yahoo.com,Atlantic,NJ,8201,609-524-3586,609-234-8376,http://www.honeybeebreedinggenetics.com
Plainfield,Mirafuentes,Wells Kravitz Schnitzer,30553 Washington Rd,Becky,becky.mirafuentes@mirafuentes.com,Union,NJ,7062,908-877-8409,908-426-8272,http://www.wellskravitzschnitzer.com
Middleboro,Corrington,Prohab Rehabilitation Servs,481 W Lemon St,Beatriz,beatriz@yahoo.com,Plymouth,MA,2346,508-584-4279,508-315-3867,http://www.prohabrehabilitationservs.com
Chicago,Maybury,"Eldridge, Kristin K Esq",4 Warehouse Point Rd #7,Marti,marti.maybury@yahoo.com,Cook,IL,60638,773-775-4522,773-539-1058,http://www.eldridgekristinkesq.com
Portland,Gotter,"Vlahos, John J Esq",4940 Pulaski Park Dr,Nieves,nieves_gotter@gmail.com,Multnomah,OR,97202,503-527-5274,503-455-3094,http://www.vlahosjohnjesq.com
Dallas,Hagele,Ninas Indian Grs & Videos,627 Walford Ave,Leatha,lhagele@cox.net,Dallas,TX,75227,214-339-1809,214-225-5850,http://www.ninasindiangrsvideos.com
Chicago,Klimek,"Schmid, Gayanne K Esq",137 Pioneer Way,Valentin,vklimek@klimek.org,Cook,IL,60604,312-303-5453,312-512-2338,http://www.schmidgayannekesq.com
Findlay,Wiklund,Moapa Valley Federal Credit Un,61 13 Stoneridge #835,Melissa,melissa@cox.net,Hancock,OH,45840,419-939-3613,419-254-4591,http://www.moapavalleyfederalcreditun.com
Riverside,Zane,Kentucky Tennessee Clay Co,2409 Alabama Rd,Sheridan,sheridan.zane@zane.com,Riverside,CA,92501,951-645-3605,951-248-6822,http://www.kentuckytennesseeclayco.com
Waco,Padilla,Admiral Party Rentals & Sales,8927 Vandever Ave,Bulah,bulah_padilla@hotmail.com,McLennan,TX,76707,254-463-4368,254-816-8417,http://www.admiralpartyrentalssales.com
Nashville,Kohnert,"Nelson, Karolyn King Esq",134 Lewis Rd,Audra,audra@kohnert.com,Davidson,TN,37211,615-406-7854,615-448-9249,http://www.nelsonkarolynkingesq.com
Milwaukee,Weirather,Panasystems,9 N College Ave #3,Daren,dweirather@aol.com,Milwaukee,WI,53216,414-959-2540,414-838-3151,http://www.panasystems.com
Preston,Jillson,"Shank, Edward L Esq",60480 Old Us Highway 51,Fernanda,fjillson@aol.com,Caroline,MD,21655,410-387-5260,410-724-6472,http://www.shankedwardlesq.com
Irving,Gellinger,Megibow & Edwards,4 Bloomfield Ave,Gearldine,gearldine_gellinger@gellinger.com,Dallas,TX,75061,972-934-6914,972-821-7118,http://www.megibowedwards.com
Beverly Hills,Kitzman,"Benoff, Edward Esq",429 Tiger Ln,Chau,chau@gmail.com,Los Angeles,CA,90212,310-560-8022,310-969-7230,http://www.benoffedwardesq.com
Massapequa,Frey,Woodbridge Free Public Library,54169 N Main St,Theola,theola_frey@frey.com,Nassau,NY,11758,516-948-5768,516-357-3362,http://www.woodbridgefreepubliclibrary.com
Atlantic City,Haroldson,New York Life John Thune,92 Main St,Cheryl,cheryl@haroldson.org,Atlantic,NJ,8401,609-518-7697,609-263-9243,http://www.newyorklifejohnthune.com
Cincinnati,Merced,Alinabal Inc,72 Mannix Dr,Laticia,lmerced@gmail.com,Hamilton,OH,45203,513-508-7371,513-418-1566,http://www.alinabalinc.com
Eugene,Batman,"Poletto, Kim David Esq",12270 Caton Center Dr,Carissa,carissa.batman@yahoo.com,Lane,OR,97401,541-326-4074,541-801-5717,http://www.polettokimdavidesq.com
Smithfield,Craghead,"Chang, Carolyn Esq",749 W 18th St #45,Lezlie,lezlie.craghead@craghead.org,Johnston,NC,27577,919-533-3762,919-885-2453,http://www.changcarolynesq.com
New York,Shealy,Silver Bros Inc,8 Industry Ln,Ozell,oshealy@hotmail.com,New York,NY,10002,212-332-8435,212-880-8865,http://www.silverbrosinc.com
Phoenix,Parvis,Newtec Inc,1 Huntwood Ave,Arminda,arminda@parvis.com,Maricopa,AZ,85017,602-906-9419,602-277-3025,http://www.newtecinc.com
Indianapolis,Leto,Creative Business Systems,55262 N French Rd,Reita,reita.leto@gmail.com,Marion,IN,46240,317-234-1135,317-787-5514,http://www.creativebusinesssystems.com
Syracuse,Luczki,Dal Tile Corporation,422 E 21st St,Yolando,yolando@cox.net,Onondaga,NY,13214,315-304-4759,315-640-6357,http://www.daltilecorporation.com
Cherry Hill,Stem,Edward S Katz,501 N 19th Ave,Lizette,lizette.stem@aol.com,Camden,NJ,8002,856-487-5412,856-702-3676,http://www.edwardskatz.com
Garden City,Pawlowicz,Oh My Goodknits Inc,455 N Main Ave,Gregoria,gpawlowicz@yahoo.com,Nassau,NY,11530,516-212-1915,516-376-4230,http://www.ohmygoodknitsinc.com
Little Rock,Deleo,"Redeker, Debbie",1844 Southern Blvd,Carin,cdeleo@deleo.com,Pulaski,AR,72202,501-308-1040,501-409-6072,http://www.redekerdebbie.com
Saint Paul,Maynerich,Desert Sands Motel,2023 Greg St,Chantell,chantell@yahoo.com,Ramsey,MN,55101,651-591-2583,651-776-9688,http://www.desertsandsmotel.com
Philadelphia,Yum,Cummins Southern Plains Inc,63381 Jenks Ave,Dierdre,dyum@yahoo.com,Philadelphia,PA,19134,215-325-3042,215-346-4666,http://www.cumminssouthernplainsinc.com
Houma,Gudroe,Lehigh Furn Divsn Lehigh,6651 Municipal Rd,Larae,larae_gudroe@gmail.com,Terrebonne,LA,70360,985-890-7262,985-261-5783,http://www.lehighfurndivsnlehigh.com
Ronkonkoma,Tolfree,United Van Lines Agent,81 Norris Ave #525,Latrice,latrice.tolfree@hotmail.com,Suffolk,NY,11779,631-957-7624,631-998-2102,http://www.unitedvanlinesagent.com
Sacramento,Theodorov,Capitol Reporters,6916 W Main St,Kerry,kerry.theodorov@gmail.com,Sacramento,CA,95827,916-591-3277,916-770-7448,http://www.capitolreporters.com
Boise,Hidvegi,Kwik Kopy Printing,9635 S Main St,Dorthy,dhidvegi@yahoo.com,Ada,ID,83704,208-649-2373,208-690-3315,http://www.kwikkopyprinting.com
Round Rock,Lungren,Centro Inc,17 Us Highway 111,Fannie,fannie.lungren@yahoo.com,Williamson,TX,78664,512-587-5746,512-528-9933,http://www.centroinc.com
Philadelphia,Radde,"Campbell, Jan Esq",992 Civic Center Dr,Evangelina,evangelina@aol.com,Philadelphia,PA,19123,215-964-3284,215-417-5612,http://www.campbelljanesq.com
Hilo,Degroot,"Evans, C Kelly Esq",303 N Radcliffe St,Novella,novella_degroot@degroot.org,Hawaii,HI,96720,808-477-4775,808-746-1865,http://www.evansckellyesq.com
Reno,Hoa,Scat Enterprises,73 Saint Ann St #86,Clay,choa@hoa.org,Washoe,NV,89502,775-501-8109,775-848-9135,http://www.scatenterprises.com
Wheeling,Fallick,"Nagle, Daniel J Esq",44 58th St,Jennifer,jfallick@yahoo.com,Cook,IL,60090,847-979-9545,847-800-3054,http://www.nagledanieljesq.com
Randolph,Wolfgramm,Serendiquity Bed & Breakfast,9745 W Main St,Irma,irma.wolfgramm@hotmail.com,Morris,NJ,7869,973-545-7355,973-868-8660,http://www.serendiquitybedbreakfast.com
Spartanburg,Coody,Ray Carolyne Realty,84 Bloomfield Ave,Eun,eun@yahoo.com,Spartanburg,SC,29301,864-256-3620,864-594-4578,http://www.raycarolynerealty.com
Hampstead,Cousey,"Berg, Charles E",287 Youngstown Warren Rd,Sylvia,sylvia_cousey@cousey.org,Carroll,MD,21074,410-209-9545,410-863-8263,http://www.bergcharlese.com
Mount Vernon,Wrinkles,"Ray, Milbern D",6 Van Buren St,Nana,nana@aol.com,Westchester,NY,10553,914-855-2115,914-796-3775,http://www.raymilbernd.com
New York,Springe,Chadds Ford Winery,229 N Forty Driv,Layla,layla.springe@cox.net,New York,NY,10011,212-260-3151,212-253-7448,http://www.chaddsfordwinery.com
Berkeley,Degonia,A R Packaging,2887 Knowlton St #5435,Joesph,joesph_degonia@degonia.org,Alameda,CA,94710,510-677-9785,510-942-5916,http://www.arpackaging.com
Concord,Boord,Corn Popper,523 Marquette Ave,Annabelle,annabelle.boord@cox.net,Middlesex,MA,1742,978-697-6263,978-289-7717,http://www.cornpopper.com
San Francisco,Vinning,Birite Foodservice Distr,3717 Hamann Industrial Pky,Stephaine,stephaine@cox.net,San Francisco,CA,94104,415-767-6596,415-712-9530,http://www.biritefoodservicedistr.com
Paramus,Sawchuk,Anchorage Museum Of Hist & Art,3 State Route 35 S,Nelida,nelida@gmail.com,Bergen,NJ,7652,201-971-1638,201-247-8925,http://www.anchoragemuseumofhistart.com
Oakley,Hiatt,"Haber, George D Md",82 N Highway 67,Marguerita,marguerita.hiatt@gmail.com,Contra Costa,CA,94561,925-634-7158,925-541-8521,http://www.habergeorgedmd.com
Chicago,Cookey,Royal Pontiac Olds Inc,9 Murfreesboro Rd,Carmela,ccookey@cookey.org,Cook,IL,60623,773-494-4195,773-297-9391,http://www.royalpontiacoldsinc.com
Cedar Grove,Brideau,Leonards Antiques Inc,6 S Broadway St,Junita,jbrideau@aol.com,Essex,NJ,7009,973-943-3423,973-582-5469,http://www.leonardsantiquesinc.com
Perrysburg,Varriano,Meca,6 Harry L Dr #6327,Claribel,claribel_varriano@cox.net,Wood,OH,43551,419-544-4900,419-573-2033,http://www.meca.com
Gardena,Skursky,Nercon Engineering & Mfg Inc,47939 Porter Ave,Benton,benton.skursky@aol.com,Los Angeles,CA,90248,310-579-2907,310-694-8466,http://www.nerconengineeringmfginc.com
Homosassa,Skulski,Replica I,9 Wales Rd Ne #914,Hillary,hillary.skulski@aol.com,Citrus,FL,34448,352-242-2570,352-990-5946,http://www.replicai.com
Santa Clara,Bayless,20 20 Printing Inc,195 13n N,Merilyn,merilyn_bayless@cox.net,Santa Clara,CA,95054,408-758-5015,408-346-2180,http://www.printinginc.com
Hazleton,Ennaco,Publishers Group West,99 Tank Farm Rd,Teri,tennaco@gmail.com,Luzerne,PA,18201,570-889-5187,570-355-1665,http://www.publishersgroupwest.com
Jersey City,Lawler,"Nischwitz, Jeffrey L Esq",4671 Alemany Blvd,Merlyn,merlyn_lawler@hotmail.com,Hudson,NJ,7304,201-588-7810,201-858-9960,http://www.nischwitzjeffreylesq.com
San Ramon,Montezuma,Payne Blades & Wellborn Pa,98 University Dr,Georgene,gmontezuma@cox.net,Contra Costa,CA,94583,925-615-5185,925-943-3449,http://www.paynebladeswellbornpa.com
Bridgewater,Mconnell,Coldwell Bnkr Wright Real Est,50 E Wacker Dr,Jettie,jmconnell@hotmail.com,Somerset,NJ,8807,908-802-3564,908-602-5258,http://www.coldwellbnkrwrightrealest.com
Bohemia,Latzke,Computer Repair Service,70 Euclid Ave #722,Lemuel,lemuel.latzke@gmail.com,Suffolk,NY,11716,631-748-6479,631-291-4976,http://www.computerrepairservice.com
Thousand Oaks,Knipp,Fleetwood Building Block Inc,326 E Main St #6496,Melodie,mknipp@gmail.com,Ventura,CA,91362,805-690-1682,805-810-8964,http://www.fleetwoodbuildingblockinc.com
Somerville,Corbley,Colts Neck Medical Assocs Inc,406 Main St,Candida,candida_corbley@hotmail.com,Somerset,NJ,8876,908-275-8357,908-943-6103,http://www.coltsneckmedicalassocsinc.com
Beaverton,Karpin,New England Taxidermy,3 Elmwood Dr,Karan,karan_karpin@gmail.com,Washington,OR,97005,503-940-8327,503-707-5812,http://www.newenglandtaxidermy.com
Salem,Scheyer,"Ludcke, George O Esq",9 Church St,Andra,andra@gmail.com,Marion,OR,97302,503-516-2189,503-950-3068,http://www.ludckegeorgeoesq.com
Riverton,Poullion,"Mccorkle, Tom S Esq",9939 N 14th St,Felicidad,fpoullion@poullion.com,Burlington,NJ,8077,856-305-9731,856-828-6021,http://www.mccorkletomsesq.com
Douglasville,Strassner,Eagle Software Inc,5384 Southwyck Blvd,Belen,belen_strassner@aol.com,Douglas,GA,30135,770-507-8791,770-802-4003,http://www.eaglesoftwareinc.com
Jacksonville,Melnyk,Juvenile & Adult Super,97 Airport Loop Dr,Gracia,gracia@melnyk.com,Duval,FL,32216,904-235-3633,904-627-4341,http://www.juvenileadultsuper.com
Bangor,Hanafan,"Perez, Joseph J Esq",37855 Nolan Rd,Jolanda,jhanafan@gmail.com,Penobscot,ME,4401,207-458-9196,207-233-6185,http://www.perezjosephjesq.com
Kennedale,Toyama,Case Foundation Co,4252 N Washington Ave #9,Barrett,barrett.toyama@toyama.org,Tarrant,TX,76060,817-765-5781,817-577-6151,http://www.casefoundationco.com
Buffalo,Fredicks,Eis Environmental Engrs Inc,42754 S Ash Ave,Helga,helga_fredicks@yahoo.com,Erie,NY,14228,716-752-4114,716-854-9845,http://www.eisenvironmentalengrsinc.com
Opa Locka,Pinilla,Art Crafters,703 Beville Rd,Ashlyn,apinilla@cox.net,Miami-Dade,FL,33054,305-670-9628,305-857-5489,http://www.artcrafters.com
New York,Agramonte,Marriott Hotels Resorts Suites,5 Harrison Rd,Fausto,fausto_agramonte@yahoo.com,New York,NY,10038,212-313-1783,212-778-3063,http://www.marriotthotelsresortssuites.com
Philadelphia,Caiafa,Remaco Inc,73 Southern Blvd,Ronny,ronny.caiafa@caiafa.org,Philadelphia,PA,19103,215-605-7570,215-511-3531,http://www.remacoinc.com
Crestview,Limmel,"Bjork, Robert D Jr",189 Village Park Rd,Marge,marge@gmail.com,Okaloosa,FL,32536,850-430-1663,850-330-8079,http://www.bjorkrobertdjr.com
San Francisco,Waymire,"Carmichael, Jeffery L Esq",6 Middlegate Rd #106,Norah,norah.waymire@gmail.com,San Francisco,CA,94107,415-306-7897,415-874-2984,http://www.carmichaeljefferylesq.com
San Jose,Baltimore,"Andrews, J Robert Esq",1128 Delaware St,Aliza,aliza@aol.com,Santa Clara,CA,95132,408-504-3552,408-425-1994,http://www.andrewsjrobertesq.com
South San Francisco,Pelkowski,Winship & Byrne,577 Parade St,Mozell,mpelkowski@pelkowski.org,San Mateo,CA,94080,650-947-1215,650-960-1069,http://www.winshipbyrne.com
Northridge,Bitsuie,Burton & Davis,70 Mechanic St,Viola,viola@gmail.com,Los Angeles,CA,91325,818-864-4875,818-481-5787,http://www.burtondavis.com
Philadelphia,Emard,Olympic Graphic Arts,4379 Highway 116,Franklyn,femard@emard.com,Philadelphia,PA,19103,215-558-8189,215-483-3003,http://www.olympicgraphicarts.com
Lafayette,Konopacki,Magnuson,55 Hawthorne Blvd,Willodean,willodean_konopacki@konopacki.org,Lafayette,LA,70506,337-253-8384,337-774-7564,http://www.magnuson.com
Dearborn,Silvestrini,A All American Travel Inc,7116 Western Ave,Beckie,beckie.silvestrini@silvestrini.com,Wayne,MI,48126,313-533-4884,313-390-7855,http://www.aallamericantravelinc.com
Austin,Gesick,Polykote Inc,2026 N Plankinton Ave #3,Rebecka,rgesick@gesick.org,Travis,TX,78754,512-213-8574,512-693-8345,http://www.polykoteinc.com
Dallas,Blunk,Jets Cybernetics,99586 Main St,Frederica,frederica_blunk@gmail.com,Dallas,TX,75207,214-428-2285,214-529-1949,http://www.jetscybernetics.com
Vashon,Bartolet,Metlab Testing Services,8739 Hudson St,Glen,glen_bartolet@hotmail.com,King,WA,98070,206-697-5796,206-389-1482,http://www.metlabtestingservices.com
Coatesville,Gochal,"Kellermann, William T Esq",383 Gunderman Rd #197,Freeman,freeman_gochal@aol.com,Chester,PA,19320,610-476-3501,610-752-2683,http://www.kellermannwilliamtesq.com
Philadelphia,Meinerding,"Arturi, Peter D Esq",4441 Point Term Mkt,Vincent,vincent.meinerding@hotmail.com,Philadelphia,PA,19143,215-372-1718,215-829-4221,http://www.arturipeterdesq.com
Gardena,Bevelacqua,Mcauley Mfg Co,2972 Lafayette Ave,Rima,rima@cox.net,Los Angeles,CA,90248,310-858-5079,310-499-4200,http://www.mcauleymfgco.com
Rohnert Park,Sarbacher,Defur Voran Hanley Radcliff,2140 Diamond Blvd,Glendora,gsarbacher@gmail.com,Sonoma,CA,94928,707-653-8214,707-881-3154,http://www.defurvoranhanleyradcliff.com
Orlando,Steier,Dill Dill Carr & Stonbraker Pc,93 Redmond Rd #492,Avery,avery@cox.net,Orange,FL,32803,407-808-9439,407-945-8566,http://www.dilldillcarrstonbrakerpc.com
Escondido,Lother,Kleensteel,3989 Portage Tr,Cristy,cristy@lother.com,San Diego,CA,92025,760-971-4322,760-465-4762,http://www.kleensteel.com
Westborough,Brossart,Goulds Pumps Inc Slurry Pump,1 Midway Rd,Nicolette,nicolette_brossart@brossart.com,Worcester,MA,1581,508-837-9230,508-504-6388,http://www.gouldspumpsincslurrypump.com
Conroe,Modzelewski,Kansas City Insurance Report,77132 Coon Rapids Blvd Nw,Tracey,tracey@hotmail.com,Montgomery,TX,77301,936-264-9294,936-988-8171,http://www.kansascityinsurancereport.com
Milwaukee,Tegarden,Berhanu International Foods,755 Harbor Way,Virgina,virgina_tegarden@tegarden.com,Milwaukee,WI,53226,414-214-8697,414-411-5744,http://www.berhanuinternationalfoods.com
El Monte,Frankel,Roland Ashcroft,87 Sierra Rd,Tiera,tfrankel@aol.com,Los Angeles,CA,91731,626-636-4117,626-638-4241,http://www.rolandashcroft.com
Yonkers,Bergesen,Hispanic Magazine,7667 S Hulen St #42,Alaine,alaine_bergesen@cox.net,Westchester,NY,10701,914-300-9193,914-654-1426,http://www.hispanicmagazine.com
Dallas,Mai,Little Sheet Metal Co,75684 S Withlapopka Dr #32,Earleen,earleen_mai@cox.net,Dallas,TX,75227,214-289-1973,214-785-6750,http://www.littlesheetmetalco.com
Biloxi,Gobern,"Holmes, Armstead J Esq",5 Elmwood Park Blvd,Leonida,leonida@gobern.org,Harrison,MS,39530,228-235-5615,228-432-4635,http://www.holmesarmsteadjesq.com
Miami,Auffrey,"Faw, James C Cpa",23 Palo Alto Sq,Ressie,ressie.auffrey@yahoo.com,Miami-Dade,FL,33134,305-604-8981,305-287-4743,http://www.fawjamesccpa.com
New York,Mugnolo,Evans Rule Company,38062 E Main St,Justine,jmugnolo@yahoo.com,New York,NY,10048,212-304-9225,212-311-6377,http://www.evansrulecompany.com
Ramsey,Saulter,Tyee Productions Inc,3958 S Dupont Hwy #7,Eladia,eladia@saulter.com,Bergen,NJ,7446,201-474-4924,201-365-8698,http://www.tyeeproductionsinc.com
Ann Arbor,Malvin,Dunnells & Duvall,560 Civic Center Dr,Chaya,chaya@malvin.com,Washtenaw,MI,48103,734-928-5182,734-408-8174,http://www.dunnellsduvall.com
Deer Park,Suffield,Deltam Systems Inc,3270 Dequindre Rd,Gwenn,gwenn_suffield@suffield.org,Suffolk,NY,11729,631-258-6558,631-295-9879,http://www.deltamsystemsinc.com
Canton,Karpel,Hammill Mfg Co,1 Garfield Ave #7,Salena,skarpel@cox.net,Stark,OH,44707,330-791-8557,330-618-2579,http://www.hammillmfgco.com
New Haven,Fishburne,Sams Corner Store,9122 Carpenter Ave,Yoko,yoko@fishburne.com,New Haven,CT,6511,203-506-4706,203-840-8634,http://www.samscornerstore.com
Fairfax,Moyd,"Siskin, Mark J Esq",48 Lenox St,Taryn,taryn.moyd@hotmail.com,Fairfax City,VA,22030,703-322-4041,703-938-7939,http://www.siskinmarkjesq.com
Wilmington,Polidori,Cape & Associates Real Estate,5 Little River Tpke,Katina,katina_polidori@aol.com,Middlesex,MA,1887,978-626-2978,978-679-7429,http://www.capeassociatesrealestate.com
Toledo,Plumer,Merrill Lynch,3 N Groesbeck Hwy,Rickie,rickie.plumer@aol.com,Lucas,OH,43613,419-693-1334,419-313-5571,http://www.merrilllynch.com
Tacoma,Loader,"Sublett, Scott Esq",37 N Elm St #916,Alex,alex@loader.com,Pierce,WA,98409,253-660-7821,253-875-9222,http://www.sublettscottesq.com
Roseville,Vizarro,Sentry Signs,433 Westminster Blvd #590,Lashon,lashon@aol.com,Placer,CA,95661,916-741-7884,916-289-4526,http://www.sentrysigns.com
Riverton,Burnard,Professionals Unlimited,66697 Park Pl #3224,Lauran,lburnard@burnard.com,Fremont,WY,82501,307-342-7795,307-453-7589,http://www.professionalsunlimited.com
Warren,Setter,Southern Steel Shelving Co,96263 Greenwood Pl,Ceola,ceola.setter@setter.org,Knox,ME,4864,207-627-7565,207-297-5029,http://www.southernsteelshelvingco.com
Richboro,Rantanen,"Bosco, Paul J",8 Mcarthur Ln,My,my@hotmail.com,Bucks,PA,18954,215-491-5633,215-647-2158,http://www.boscopaulj.com
Tampa,Worlds,"Longo, Nicholas J Esq",8 Fair Lawn Ave,Lorrine,lorrine.worlds@worlds.com,Hillsborough,FL,33614,813-769-2939,813-863-6467,http://www.longonicholasjesq.com
El Cajon,Sturiale,Henry County Middle School,9 N 14th St,Peggie,peggie@cox.net,San Diego,CA,92020,619-608-1763,619-695-8086,http://www.henrycountymiddleschool.com
College Station,Raymo,Edison Supply & Equipment Co,9 Vanowen St,Marvel,mraymo@yahoo.com,Brazos,TX,77840,979-718-8968,979-809-5770,http://www.edisonsupplyequipmentco.com
Highland Park,Dinos,"Wolf, Warren R Esq",18 Waterloo Geneva Rd,Daron,daron_dinos@cox.net,Lake,IL,60035,847-233-3075,847-265-6609,http://www.wolfwarrenresq.com
Atlantic City,Fritz,Linguistic Systems Inc,506 S Hacienda Dr,An,an_fritz@hotmail.com,Atlantic,NJ,8401,609-228-5265,609-854-7156,http://www.linguisticsystemsinc.com
Bridgewater,Stimmel,Peace Christian Center,3732 Sherman Ave,Portia,portia.stimmel@aol.com,Somerset,NJ,8807,908-722-7128,908-670-4712,http://www.peacechristiancenter.com
Brooklyn,Aredondo,Double B Foods Inc,25657 Live Oak St,Rhea,rhea_aredondo@cox.net,Kings,NY,11226,718-560-9537,718-280-4183,http://www.doublebfoodsinc.com
Saint Louis,Sama,Alexander & Alexander Inc,4923 Carey Ave,Benedict,bsama@cox.net,Saint Louis City,MO,63104,314-787-1588,314-858-4832,http://www.alexanderalexanderinc.com
Stockton,Arias,Fairbanks Scales,3196 S Rider Trl,Alyce,alyce@arias.org,San Joaquin,CA,95207,209-317-1801,209-242-7022,http://www.fairbanksscales.com
Little Falls,Berganza,Cali Sportswear Cutting Dept,3 Railway Ave #75,Heike,heike@gmail.com,Passaic,NJ,7424,973-936-5095,973-822-8827,http://www.calisportswearcuttingdept.com
Indianapolis,Dopico,"Garofani, John Esq",87393 E Highland Rd,Carey,carey_dopico@dopico.org,Marion,IN,46220,317-578-2453,317-441-5848,http://www.garofanijohnesq.com
Seattle,Hellickson,Thompson Fabricating Co,67 E Chestnut Hill Rd,Dottie,dottie@hellickson.org,King,WA,98133,206-540-6076,206-295-5631,http://www.thompsonfabricatingco.com
Burlington,Hughey,Century 21 Krall Real Estate,33 Lewis Rd #46,Deandrea,deandrea@yahoo.com,Alamance,NC,27215,336-822-7652,336-467-3095,http://www.centurykrallrealestate.com
Hays,Duenas,Mid Contntl Rlty & Prop Mgmt,8100 Jacksonville Rd #7,Kimberlie,kimberlie_duenas@yahoo.com,Ellis,KS,67601,785-629-8542,785-616-1685,http://www.midcontntlrltypropmgmt.com
Orlando,Staback,Ace Signs Inc,7 W Wabansia Ave #227,Martina,martina_staback@staback.com,Orange,FL,32822,407-471-6908,407-429-2145,http://www.acesignsinc.com
Minneapolis,Fillingim,Rodeway Inn,25 Minters Chapel Rd #9,Skye,skye_fillingim@yahoo.com,Hennepin,MN,55401,612-508-2655,612-664-6304,http://www.rodewayinn.com
Columbia,Farrar,Bonnet & Daughter,6882 Torresdale Ave,Jade,jade.farrar@yahoo.com,Richland,SC,29201,803-352-5387,803-975-3405,http://www.bonnetdaughter.com
Santa Rosa,Hamilton,Oshins & Gibbons,985 E 6th Ave,Charlene,charlene.hamilton@hotmail.com,Sonoma,CA,95407,707-300-1771,707-821-8037,http://www.oshinsgibbons.com
Palatine,Acey,Price Business Services,7 West Ave #1,Geoffrey,geoffrey@gmail.com,Cook,IL,60067,847-222-1734,847-556-2909,http://www.pricebusinessservices.com
Costa Mesa,Westerbeck,"Wise, Dennis W Md",26659 N 13th St,Stevie,stevie.westerbeck@yahoo.com,Orange,CA,92626,949-867-4077,949-903-3898,http://www.wisedenniswmd.com
Denver,Fortino,Super 8 Motel,669 Packerland Dr #1438,Pamella,pamella@fortino.com,Denver,CO,80212,303-404-2210,303-794-1341,http://www.supermotel.com
New Haven,Haufler,John Wagner Associates,759 Eldora St,Harrison,hhaufler@hotmail.com,New Haven,CT,6515,203-801-6193,203-801-8497,http://www.johnwagnerassociates.com
Bothell,Engelberg,Thrifty Oil Co,5 S Colorado Blvd #449,Johnna,jengelberg@engelberg.org,Snohomish,WA,98021,425-986-7573,425-700-3751,http://www.thriftyoilco.com
Strongsville,Cloney,Larkfield Photo,944 Gaither Dr,Buddy,buddy.cloney@yahoo.com,Cuyahoga,OH,44136,440-989-5826,440-327-2093,http://www.larkfieldphoto.com
Plaistow,Riden,Silverman Planetarium,66552 Malone Rd,Dalene,dalene.riden@aol.com,Rockingham,NH,3865,603-315-6839,603-745-7497,http://www.silvermanplanetarium.com
Satellite Beach,Zurcher,J & F Lumber,77 Massillon Rd #822,Jerry,jzurcher@zurcher.org,Brevard,FL,32937,321-518-5938,321-597-2159,http://www.jflumber.com
New York,Denooyer,Cleaning Station Inc,25346 New Rd,Haydee,hdenooyer@denooyer.org,New York,NY,10016,212-792-8658,212-782-3493,http://www.cleaningstationinc.com
Huntington Beach,Cryer,Ames Stationers,60 Fillmore Ave,Joseph,joseph_cryer@cox.net,Orange,CA,92647,714-584-2237,714-698-2170,http://www.amesstationers.com
Southfield,Kippley,Midas Muffler Shops,57 Haven Ave #90,Deonna,deonna_kippley@hotmail.com,Oakland,MI,48075,248-913-4677,248-793-4966,http://www.midasmufflershops.com
Indianapolis,Calvaresi,Seaboard Securities Inc,6538 E Pomona St #60,Raymon,raymon.calvaresi@gmail.com,Marion,IN,46222,317-825-4724,317-342-1532,http://www.seaboardsecuritiesinc.com
Wichita Falls,Bubash,"Petersen, James E Esq",6535 Joyce St,Alecia,alecia@aol.com,Wichita,TX,76301,940-276-7922,940-302-3036,http://www.petersenjameseesq.com
North Haven,Layous,Development Authority,78112 Morris Ave,Ma,mlayous@hotmail.com,New Haven,CT,6473,203-721-3388,203-564-1543,http://www.developmentauthority.com
Aberdeen,Coyier,Schott Fiber Optics Inc,96950 Hidden Ln,Detra,detra@aol.com,Harford,MD,21001,410-739-9277,410-259-2118,http://www.schottfiberopticsinc.com
New Orleans,Rodeigues,Stuart J Agins,3718 S Main St,Terrilyn,terrilyn.rodeigues@cox.net,Orleans,LA,70130,504-463-4384,504-635-8518,http://www.stuartjagins.com
Richmond,Lacovara,Mitsumi Electronics Corp,9677 Commerce Dr,Salome,slacovara@gmail.com,Richmond City,VA,23219,804-550-5097,804-858-1011,http://www.mitsumielectronicscorp.com
Southampton,Keetch,Italian Express Franchise Corp,5 Green Pond Rd #4,Garry,garry_keetch@hotmail.com,Bucks,PA,18966,215-979-8776,215-846-9046,http://www.italianexpressfranchisecorp.com
Shakopee,Neither,American Council On Sci & Hlth,636 Commerce Dr #42,Matthew,mneither@yahoo.com,Scott,MN,55379,952-651-7597,952-906-4597,http://www.americancouncilonscihlth.com
Miami,Restrepo,"Kleri, Patricia S Esq",42744 Hamann Industrial Pky #82,Theodora,theodora.restrepo@restrepo.com,Miami-Dade,FL,33136,305-936-8226,305-573-1085,http://www.kleripatriciasesq.com
Milwaukee,Kalafatis,Twiggs Abrams Blanchard,1950 5th Ave,Noah,noah.kalafatis@aol.com,Milwaukee,WI,53209,414-263-5287,414-660-9766,http://www.twiggsabramsblanchard.com
Somerset,Sweigard,Maui Research & Technology Pk,61304 N French Rd,Carmen,csweigard@sweigard.com,Somerset,NJ,8873,732-941-2621,732-445-6940,http://www.mauiresearchtechnologypk.com
Fargo,Hengel,Bradley Nameplate Corp,87 Imperial Ct #79,Lavonda,lavonda@cox.net,Cass,ND,58102,701-898-2154,701-421-7080,http://www.bradleynameplatecorp.com
Carson City,Stoltzman,Geonex Martel Inc,94 W Dodge Rd,Junita,junita@aol.com,Carson City,NV,89701,775-638-9963,775-578-1214,http://www.geonexmartelinc.com
Scottsdale,Nicolozakes,Sea Island Div Of Fstr Ind Inc,4 58th St #3519,Herminia,herminia@nicolozakes.org,Maricopa,AZ,85254,602-954-5141,602-304-6433,http://www.seaislanddivoffstrindinc.com
Nashville,Good,"Papay, Debbie J Esq",5221 Bear Valley Rd,Casie,casie.good@aol.com,Davidson,TN,37211,615-390-2251,615-825-4297,http://www.papaydebbiejesq.com
Salisbury,Maisto,Lane Promotions,9648 S Main,Reena,reena@hotmail.com,Wicomico,MD,21801,410-351-1863,410-951-2667,http://www.lanepromotions.com
New York,Mallett,Stephen Kennerly Archts Inc Pc,7 S San Marcos Rd,Mirta,mirta_mallett@gmail.com,New York,NY,10004,212-870-1286,212-745-6948,http://www.stephenkennerlyarchtsincpc.com
Amarillo,Pontoriero,Business Systems Of Wis Inc,812 S Haven St,Cathrine,cathrine.pontoriero@pontoriero.com,Randall,TX,79109,806-703-1435,806-558-5848,http://www.businesssystemsofwisinc.com
Los Angeles,Tawil,"Flash, Elena Salerno Esq",3882 W Congress St #799,Filiberto,ftawil@hotmail.com,Los Angeles,CA,90016,323-765-2528,323-842-8226,http://www.flashelenasalernoesq.com
La Mesa,Upthegrove,"Neeley, Gregory W Esq",4 E Colonial Dr,Raul,rupthegrove@yahoo.com,San Diego,CA,91942,619-509-5282,619-666-4765,http://www.neeleygregorywesq.com
Atlanta,Candlish,Alabama Educational Tv Comm,45 2nd Ave #9759,Sarah,sarah.candlish@gmail.com,Fulton,GA,30328,770-732-1194,770-531-2842,http://www.alabamaeducationaltvcomm.com
Worcester,Treston,Franz Inc,57254 Brickell Ave #372,Lucy,lucy@cox.net,Worcester,MA,1602,508-769-5250,508-502-5634,http://www.franzinc.com
Niles,Aquas,Plantation Restaurant,8977 Connecticut Ave Nw #3,Judy,jaquas@aquas.com,Berrien,MI,49120,269-756-7222,269-431-9464,http://www.plantationrestaurant.com
Fairfield,Tjepkema,Radio Communications Co,9 Waydell St,Yvonne,yvonne.tjepkema@hotmail.com,Essex,NJ,7004,973-714-1721,973-976-8627,http://www.radiocommunicationsco.com
Lafayette,Lace,Dentalaw Divsn Hlth Care,43 Huey P Long Ave,Kayleigh,kayleigh.lace@yahoo.com,Lafayette,LA,70508,337-740-9323,337-751-2326,http://www.dentalawdivsnhlthcare.com
Denver,Hirpara,American Speedy Printing Ctrs,7563 Cornwall Rd #4462,Felix,felix_hirpara@cox.net,Lancaster,PA,17517,717-491-5643,717-583-1497,http://www.americanspeedyprintingctrs.com
Valley Park,Sweely,"Grayson, Grant S Esq",22 Bridle Ln,Tresa,tresa_sweely@hotmail.com,Saint Louis,MO,63088,314-359-9566,314-231-3514,http://www.graysongrantsesq.com
Arlington,Turinetti,Jeanerette Middle School,70099 E North Ave,Kristeen,kristeen@gmail.com,Tarrant,TX,76013,817-213-8851,817-947-9480,http://www.jeanerettemiddleschool.com
Tampa,Regusters,"Haavisto, Brian F Esq",3211 E Northeast Loop,Jenelle,jregusters@regusters.com,Hillsborough,FL,33619,813-932-8715,813-357-7296,http://www.haavistobrianfesq.com
Atlanta,Monterrubio,Wmmt Radio Station,26 Montgomery St,Renea,renea@hotmail.com,Fulton,GA,30328,770-679-4752,770-930-9967,http://www.wmmtradiostation.com
Cathedral City,Matuszak,Colony Paints Sales Ofc & Plnt,13252 Lighthouse Ave,Olive,olive@aol.com,Riverside,CA,92234,760-938-6069,760-745-2649,http://www.colonypaintssalesofcplnt.com
Lansing,Reiber,Floral Expressions,206 Main St #2804,Ligia,lreiber@cox.net,Ingham,MI,48933,517-906-1108,517-747-7664,http://www.floralexpressions.com
Phoenix,Eschberger,Casco Services Inc,96541 W Central Blvd,Christiane,christiane.eschberger@yahoo.com,Maricopa,AZ,85034,602-390-4944,602-330-6894,http://www.cascoservicesinc.com
Bangor,Schirpke,"Reuter, Arthur C Jr",34 Saint George Ave #2,Goldie,goldie.schirpke@yahoo.com,Penobscot,ME,4401,207-295-7569,207-748-3722,http://www.reuterarthurcjr.com
Clinton,Timenez,"Kaminski, Katherine Andritsaki",47857 Coney Island Ave,Loreta,loreta.timenez@hotmail.com,Prince Georges,MD,20735,301-696-6420,301-392-6698,http://www.kaminskikatherineandritsaki.com
York,Hauenstein,Sidewinder Products Corp,8573 Lincoln Blvd,Fabiola,fabiola.hauenstein@hauenstein.org,York,PA,17404,717-809-3119,717-344-2804,http://www.sidewinderproductscorp.com
Mesquite,Perigo,General Foam Corporation,596 Santa Maria Ave #7913,Amie,amie.perigo@yahoo.com,Dallas,TX,75150,972-419-7946,972-898-1033,http://www.generalfoamcorporation.com
Butte,Brachle,Ikg Borden Divsn Harsco Corp,3829 Ventura Blvd,Raina,raina.brachle@brachle.org,Silver Bow,MT,59701,406-318-1515,406-374-7752,http://www.ikgbordendivsnharscocorp.com
Livingston,Canlas,Anchor Computer Inc,13 S Hacienda Dr,Erinn,erinn.canlas@canlas.com,Essex,NJ,7039,973-767-3008,973-563-9502,http://www.anchorcomputerinc.com
Waterford,Lietz,Sebring & Co,40 9th Ave Sw #91,Cherry,cherry@lietz.com,Oakland,MI,48329,248-980-6904,248-697-7722,http://www.sebringco.com
Cleveland,Vonasek,H A C Farm Lines Co Optv Assoc,2845 Boulder Crescent St,Kattie,kattie@vonasek.org,Cuyahoga,OH,44103,216-923-3715,216-270-9653,http://www.hacfarmlinescooptvassoc.com
Abilene,Scriven,"Hunter, John J Esq",33 State St,Lilli,lilli@aol.com,Taylor,TX,79601,325-631-1560,325-667-7868,http://www.hunterjohnjesq.com
Fort Worth,Tomasulo,Freehold Fence Co,2 S 15th St,Whitley,whitley.tomasulo@aol.com,Tarrant,TX,76107,817-526-4408,817-819-7799,http://www.freeholdfenceco.com
Brooklyn,Adkin,Binswanger,4 Kohler Memorial Dr,Barbra,badkin@hotmail.com,Kings,NY,11230,718-201-3751,718-732-9475,http://www.binswanger.com
Providence,Thyberg,Chilton Malting Co,1 Rancho Del Mar Shopping C,Hermila,hermila_thyberg@hotmail.com,Providence,RI,2903,401-893-4882,401-885-7681,http://www.chiltonmaltingco.com
Lancaster,Flister,"Schoen, Edward J Jr",3943 N Highland Ave,Jesusita,jesusita.flister@hotmail.com,Lancaster,PA,17601,717-885-9118,717-686-7564,http://www.schoenedwardjjr.com
Johnston,Julia,"Helderman, Seymour Cpa",5 Williams St,Caitlin,caitlin.julia@julia.org,Providence,RI,2919,401-948-4982,401-552-9059,http://www.heldermanseymourcpa.com
Hialeah,Hoffis,"Denbrook, Myron",60 Old Dover Rd,Roosevelt,roosevelt.hoffis@aol.com,Miami-Dade,FL,33014,305-622-4739,305-302-1135,http://www.denbrookmyron.com
Jersey City,Halter,"Lippitt, Mike",8 Sheridan Rd,Helaine,hhalter@yahoo.com,Hudson,NJ,7304,201-832-4168,201-412-3040,http://www.lippittmike.com
San Antonio,Martabano,"Hiram, Hogg P Esq",85092 Southern Blvd,Lorean,lorean.martabano@hotmail.com,Bexar,TX,78204,210-856-4979,210-634-2447,http://www.hiramhoggpesq.com
Brooklyn,Buzick,In Travel Agency,64 Newman Springs Rd E,France,france.buzick@yahoo.com,Kings,NY,11219,718-478-8504,718-853-3740,http://www.intravelagency.com
Pomona,Ferrario,Newhart Foods Inc,48 Stratford Ave,Justine,jferrario@hotmail.com,Los Angeles,CA,91768,909-993-3242,909-631-5703,http://www.newhartfoodsinc.com
Cleveland,Nabours,Courtyard By Marriott,80 Pittsford Victor Rd #9,Adelina,adelina_nabours@gmail.com,Cuyahoga,OH,44103,216-230-4892,216-937-5320,http://www.courtyardbymarriott.com
New York,Dhamer,"Studer, Eugene A Esq",87163 N Main Ave,Derick,ddhamer@cox.net,New York,NY,10013,212-304-4515,212-225-9676,http://www.studereugeneaesq.com
Richmond,Dallen,Seashore Supply Co Waretown,393 Lafayette Ave,Jerry,jerry.dallen@yahoo.com,Richmond City,VA,23219,804-762-9576,804-808-9574,http://www.seashoresupplycowaretown.com
Trion,Ragel,Mayar Silk Inc,99 5th Ave #33,Leota,leota.ragel@gmail.com,Chattooga,GA,30753,706-221-4243,706-616-5131,http://www.mayarsilkinc.com
Broussard,Amyot,National Medical Excess Corp,49 N Mays St,Jutta,jamyot@hotmail.com,Lafayette,LA,70518,337-515-1438,337-991-8070,http://www.nationalmedicalexcesscorp.com
Nutley,Gehrett,Stero Company,993 Washington Ave,Aja,aja_gehrett@hotmail.com,Essex,NJ,7110,973-544-2677,973-986-4456,http://www.sterocompany.com
Vestal,Herritt,"Hasting, H Duane Esq",88 15th Ave Ne,Kirk,kirk.herritt@aol.com,Broome,NY,13850,607-407-3716,607-350-7690,http://www.hastinghduaneesq.com
Passaic,Mauson,Insty Prints,3381 E 40th Ave,Leonora,leonora@yahoo.com,Passaic,NJ,7055,973-412-2995,973-355-2120,http://www.instyprints.com
Moscow,Brucato,Glenridge Manor Mobile Home Pk,201 Ridgewood Rd,Winfred,winfred_brucato@hotmail.com,Latah,ID,83843,208-252-4552,208-793-4108,http://www.glenridgemanormobilehomepk.com
San Francisco,Nachor,Circuit Solution Inc,39 Moccasin Dr,Tarra,tarra.nachor@cox.net,San Francisco,CA,94104,415-411-1775,415-284-2730,http://www.circuitsolutioninc.com
North Attleboro,Loder,Local Office,4 Carroll St,Corinne,corinne@loder.org,Bristol,MA,2760,508-942-4186,508-618-7826,http://www.localoffice.com
Rochester,Labreche,Lee Kilkelly Paulson & Kabaker,9581 E Arapahoe Rd,Dulce,dulce_labreche@yahoo.com,Oakland,MI,48307,248-357-8718,248-811-5696,http://www.leekilkellypaulsonkabaker.com
Green Bay,Keneipp,"Davis, Maxon R Esq",33 N Michigan Ave,Kate,kate_keneipp@yahoo.com,Brown,WI,54301,920-353-6377,920-355-1610,http://www.davismaxonresq.com
Baltimore,Ogg,"Garrison, Paul E Esq",2 S Biscayne Blvd,Kaitlyn,kaitlyn.ogg@gmail.com,Baltimore City,MD,21230,410-665-4903,410-773-3862,http://www.garrisonpauleesq.com
Colorado Springs,Saras,Black History Resource Center,8 Us Highway 22,Sherita,sherita.saras@cox.net,El Paso,CO,80937,719-669-1664,719-547-9543,http://www.blackhistoryresourcecenter.com
Toledo,Stuer,"Rodriguez, J Christopher Esq",7422 Martin Ave #8,Lashawnda,lstuer@cox.net,Lucas,OH,43607,419-588-8719,419-399-1744,http://www.rodriguezjchristopheresq.com
Hyattsville,Syrop,Grant Family Health Center,94 Chase Rd,Ernest,ernest@cox.net,Prince Georges,MD,20785,301-998-9644,301-257-4883,http://www.grantfamilyhealthcenter.com
New Bedford,Halsey,Goeman Wood Products Inc,8139 I Hwy 10 #92,Nobuko,nobuko.halsey@yahoo.com,Bristol,MA,2745,508-855-9887,508-897-7916,http://www.goemanwoodproductsinc.com
Mc Lean,Wolny,"Linhares, Kenneth A Esq",5 Cabot Rd,Lavonna,lavonna.wolny@hotmail.com,Fairfax,VA,22102,703-483-1970,703-892-2914,http://www.linhareskennethaesq.com
Hanover,Lizama,Earnhardt Printing,3387 Ryan Dr,Lashaunda,llizama@cox.net,Anne Arundel,MD,21076,410-678-2473,410-912-6032,http://www.earnhardtprinting.com
Austin,Bilden,H P G Industrys Inc,3125 Packer Ave #9851,Mariann,mariann.bilden@aol.com,Travis,TX,78753,512-223-4791,512-742-1149,http://www.hpgindustrysinc.com
Peoria,Rodenberger,Bailey Transportation Prod Inc,347 Chestnut St,Helene,helene@aol.com,Maricopa,AZ,85381,623-461-8551,623-426-4907,http://www.baileytransportationprodinc.com
Bucyrus,Estell,Mcglynn Bliss Pc,8116 Mount Vernon Ave,Roselle,roselle.estell@hotmail.com,Crawford,OH,44820,419-571-5920,419-488-6648,http://www.mcglynnblisspc.com
Kent,Heintzman,Mutual Fish Co,8772 Old County Rd #5410,Samira,sheintzman@hotmail.com,King,WA,98032,206-311-4137,206-923-6042,http://www.mutualfishco.com
Cincinnati,Meisel,"Yeates, Arthur L Aia",868 State St #38,Margart,margart_meisel@yahoo.com,Hamilton,OH,45251,513-617-2362,513-747-9603,http://www.yeatesarthurlaia.com
Bloomington,Bennick,"Logan, Ronald J Esq",772 W River Dr,Kristofer,kristofer.bennick@yahoo.com,Monroe,IN,47404,812-368-1511,812-442-8544,http://www.loganronaldjesq.com
Arlington Heights,Acuff,Advantage Martgage Company,73 W Barstow Ave,Weldon,wacuff@gmail.com,Cook,IL,60004,847-353-2156,847-613-5866,http://www.advantagemartgagecompany.com
Brooklyn,Shadrick,Germer And Gertz Llp,61047 Mayfield Ave,Shalon,shalon@cox.net,Kings,NY,11223,718-232-2337,718-394-4974,http://www.germerandgertzllp.com
Orlando,Patak,Spence Law Offices,2139 Santa Rosa Ave,Denise,denise@patak.org,Orange,FL,32801,407-446-4358,407-808-3254,http://www.spencelawoffices.com
Beverly Hills,Beech,John Ortiz Nts Therapy Center,598 43rd St,Louvenia,louvenia.beech@beech.com,Los Angeles,CA,90210,310-820-2117,310-652-2379,http://www.johnortizntstherapycenter.com
Brandon,Yaw,Mike Uchrin Htg & Air Cond Inc,70295 Pioneer Ct,Audry,audry.yaw@yaw.org,Hillsborough,FL,33511,813-797-4816,813-744-7100,http://www.mikeuchrinhtgaircondinc.com
El Paso,Ehmann,"Mccoy, Joy Reynolds Esq",92899 Kalakaua Ave,Kristel,kristel.ehmann@aol.com,El Paso,TX,79925,915-452-1290,915-300-6100,http://www.mccoyjoyreynoldsesq.com
El Cajon,Zepp,Kbor 1600 Am,395 S 6th St #2,Vincenza,vzepp@gmail.com,San Diego,CA,92020,619-603-5125,619-935-6661,http://www.kboram.com
Bladensburg,Gwalthney,Quality Inn Northwest,9506 Edgemore Ave,Elouise,egwalthney@yahoo.com,Prince Georges,MD,20710,301-841-5012,301-591-3034,http://www.qualityinnnorthwest.com
Anaheim,Maillard,Wallace Church Assoc Inc,72119 S Walker Ave #63,Venita,venita_maillard@gmail.com,Orange,CA,92801,714-523-6653,714-663-9740,http://www.wallacechurchassocinc.com
Saint Louis,Semidey,Can Tron,369 Latham St #500,Kasandra,kasandra_semidey@semidey.com,Saint Louis City,MO,63102,314-732-9131,314-697-3652,http://www.cantron.com
Round Rock,Discipio,Ravaal Enterprises Inc,3158 Runamuck Pl,Xochitl,xdiscipio@gmail.com,Williamson,TX,78664,512-233-1831,512-942-3411,http://www.ravaalenterprisesinc.com
Greensboro,Linahan,Thompson Steel Company Inc,9 Plainsboro Rd #598,Maile,mlinahan@yahoo.com,Guilford,NC,27409,336-670-2640,336-364-6037,http://www.thompsonsteelcompanyinc.com
Coram,Rauser,"Anderson, Mark A Esq",8728 S Broad St,Krissy,krauser@cox.net,Suffolk,NY,11727,631-443-4710,631-288-2866,http://www.andersonmarkaesq.com
Lyndhurst,Dubaldi,Womack & Galich,2215 Prosperity Dr,Pete,pdubaldi@hotmail.com,Bergen,NJ,7071,201-825-2514,201-749-8866,http://www.womackgalich.com
Memphis,Paa,Valerie & Company,1 S Pine St,Linn,linn_paa@paa.com,Shelby,TN,38112,901-412-4381,901-573-9024,http://www.valeriecompany.com
Atlanta,Wide,Gehring Pumps Inc,187 Market St,Paris,paris@hotmail.com,Fulton,GA,30342,404-505-4445,404-607-8435,http://www.gehringpumpsinc.com
Pacifica,Dorshorst,"Haehnel, Craig W Esq",94290 S Buchanan St,Wynell,wynell_dorshorst@dorshorst.org,San Mateo,CA,94044,650-473-1262,650-749-9879,http://www.haehnelcraigwesq.com
Burnsville,Birkner,Spoor Behrins Campbell & Young,7061 N 2nd St,Quentin,qbirkner@aol.com,Dakota,MN,55337,952-702-7993,952-314-5871,http://www.spoorbehrinscampbellyoung.com
Scottsdale,Kannady,Ken Jeter Store Equipment Inc,10759 Main St,Regenia,regenia.kannady@cox.net,Maricopa,AZ,85260,480-726-1280,480-205-5121,http://www.kenjeterstoreequipmentinc.com
Long Island City,Louissant,"Potter, Brenda J Cpa",97 E 3rd St #9,Sheron,sheron@aol.com,Queens,NY,11101,718-976-8610,718-613-9994,http://www.potterbrendajcpa.com
Atlanta,Funnell,Baird Kurtz & Dobson,82 Winsor St #54,Izetta,izetta.funnell@hotmail.com,Dekalb,GA,30340,770-844-3447,770-584-4119,http://www.bairdkurtzdobson.com
Northfield,Butzen,"Minor, Cynthia A Esq",41 Steel Ct,Rodolfo,rodolfo@hotmail.com,Rice,MN,55057,507-210-3510,507-590-5237,http://www.minorcynthiaaesq.com
Norwalk,Colla,"Solove, Robert A Esq",49440 Dearborn St,Zona,zona@hotmail.com,Fairfield,CT,6854,203-461-1949,203-938-2557,http://www.soloverobertaesq.com
Fort Wayne,Zagen,Mark Ii Imports Inc,7 S Beverly Dr,Serina,szagen@aol.com,Allen,IN,46802,260-273-3725,260-382-4869,http://www.markiiimportsinc.com
Meridian,Sahagun,White Sign Div Ctrl Equip Co,919 Wall Blvd,Paz,paz_sahagun@cox.net,Lauderdale,MS,39307,601-927-8287,601-249-4511,http://www.whitesigndivctrlequipco.com
Sterling Heights,Lukasik,M & M Store Fixtures Co Inc,89 20th St E #779,Markus,markus@yahoo.com,Macomb,MI,48310,586-970-7380,586-247-1614,http://www.mmstorefixturescoinc.com
Colorado Springs,Bachman,Judah Caster & Wheel Co,721 Interstate 45 S,Jaclyn,jaclyn@aol.com,El Paso,CO,80919,719-853-3600,719-223-2074,http://www.judahcasterwheelco.com
New York,Daufeldt,Galaxy International Inc,3 Lawton St,Cyril,cyril_daufeldt@daufeldt.com,New York,NY,10013,212-745-8484,212-422-5427,http://www.galaxyinternationalinc.com
Hayward,Schnitzler,Sigma Corp Of America,38 Pleasant Hill Rd,Gayla,gschnitzler@gmail.com,Alameda,CA,94545,510-686-3407,510-441-4055,http://www.sigmacorpofamerica.com
Chicago,Nievas,"Soward, Anne Esq",45 E Acacia Ct,Erick,erick_nievas@aol.com,Cook,IL,60624,773-704-9903,773-359-6109,http://www.sowardanneesq.com
Scranton,Drymon,"Osborne, Michelle M Esq",63728 Poway Rd #1,Jennie,jennie@cox.net,Lackawanna,PA,18509,570-218-4831,570-868-8688,http://www.osbornemichellemesq.com
Oroville,Scipione,Students In Free Entrprs Natl,77 222 Dr,Mitsue,mscipione@scipione.com,Butte,CA,95965,530-986-9272,530-399-3254,http://www.studentsinfreeentrprsnatl.com
Port Jervis,Ventura,"Johnson, Robert M Esq",53 W Carey St,Ciara,cventura@yahoo.com,Orange,NY,12771,845-823-8877,845-694-7919,http://www.johnsonrobertmesq.com
Brook Park,Cantres,Del Charro Apartments,617 Nw 36th Ave,Galen,galen@yahoo.com,Cuyahoga,OH,44142,216-600-6111,216-871-6876,http://www.delcharroapartments.com
Bloomfield,Feichtner,Legal Search Inc,539 Coldwater Canyon Ave,Truman,tfeichtner@yahoo.com,Essex,NJ,7003,973-852-2736,973-473-5108,http://www.legalsearchinc.com
Anchorage,Kitty,Service Supply Co Inc,735 Crawford Dr,Gail,gail@kitty.com,Anchorage,AK,99501,907-435-9166,907-770-3542,http://www.servicesupplycoinc.com
Philadelphia,Schoeneck,"Sameshima, Douglas J Esq",910 Rahway Ave,Dalene,dalene@schoeneck.org,Philadelphia,PA,19102,215-268-1275,215-380-8820,http://www.sameshimadouglasjesq.com
Cincinnati,Witten,"Thompson, John Randolph Jr",7 Tarrytown Rd,Gertude,gertude.witten@gmail.com,Hamilton,OH,45217,513-977-7043,513-863-9471,http://www.thompsonjohnrandolphjr.com
Gardena,Kohl,E T Balancing Co Inc,35433 Blake St #588,Lizbeth,lizbeth@yahoo.com,Los Angeles,CA,90248,310-699-1222,310-955-5788,http://www.etbalancingcoinc.com
Des Moines,Berray,"Griswold, John E Esq",29 Cherry St #7073,Glenn,gberray@gmail.com,Polk,IA,50315,515-370-7348,515-372-1738,http://www.griswoldjohneesq.com
King of Prussia,Klang,Acqua Group,810 N La Brea Ave,Lashandra,lashandra@yahoo.com,Montgomery,PA,19406,610-809-1818,610-378-7332,http://www.acquagroup.com
Raleigh,Newville,"Brooks, Morris J Jr",987 Main St,Lenna,lnewville@newville.com,Wake,NC,27601,919-623-2524,919-254-5987,http://www.brooksmorrisjjr.com
Richland,Pagliuca,Printing Images Corp,36 Enterprise St Se,Laurel,laurel@yahoo.com,Benton,WA,99352,509-695-5199,509-595-6485,http://www.printingimagescorp.com
Pelham,Frerking,Roberts Supply Co Inc,8429 Miller Rd,Mireya,mireya.frerking@hotmail.com,Westchester,NY,10803,914-868-5965,914-883-3061,http://www.robertssupplycoinc.com
Parkville,Tagala,Vico Products Mfg Co,5 W 7th St,Annelle,annelle@yahoo.com,Baltimore,MD,21234,410-757-1035,410-234-2267,http://www.vicoproductsmfgco.com
Hicksville,Ketelsen,J M Custom Design Millwork,2 Flynn Rd,Dean,dean_ketelsen@gmail.com,Nassau,NY,11801,516-847-4418,516-732-6649,http://www.jmcustomdesignmillwork.com
Worcester,Munis,Farrell & Johnson Office Equip,2094 Ne 36th Ave,Levi,levi.munis@gmail.com,Worcester,MA,1603,508-456-4907,508-658-7802,http://www.farrelljohnsonofficeequip.com
Tulsa,Ryser,Millers Market & Deli,649 Tulane Ave,Sylvie,sylvie@aol.com,Tulsa,OK,74105,918-644-9555,918-565-1706,http://www.millersmarketdeli.com
Muskegon,Maile,Holiday Inn Naperville,2094 Montour Blvd,Sharee,sharee_maile@aol.com,Muskegon,MI,49442,231-467-9978,231-265-6940,http://www.holidayinnnaperville.com
Lafayette,Storment,"Burrows, Jon H Esq",393 Hammond Dr,Cordelia,cordelia_storment@aol.com,Lafayette,LA,70506,337-566-6001,337-255-3427,http://www.burrowsjonhesq.com
Bowling Green,Mcdoniel,Dock Seal Specialty,8590 Lake Lizzie Dr,Mollie,mollie_mcdoniel@yahoo.com,Wood,OH,43402,419-975-3182,419-417-4674,http://www.docksealspecialty.com
La Mesa,Mccullan,Five Star Limousines Of Tx Inc,87895 Concord Rd,Brett,brett.mccullan@mccullan.com,San Diego,CA,91942,619-461-9984,619-727-3892,http://www.fivestarlimousinesoftxinc.com
Bridgeport,Pedrozo,"Barkan, Neal J Esq",46314 Route 130,Teddy,teddy_pedrozo@aol.com,Fairfield,CT,6610,203-892-3863,203-918-3939,http://www.barkannealjesq.com
Kearny,Andreason,"Campbell, Robert A",4 Cowesett Ave,Tasia,tasia_andreason@yahoo.com,Hudson,NJ,7032,201-920-9002,201-969-7063,http://www.campbellroberta.com
Barberton,Walthall,"Dee, Deanna",95 Main Ave #2,Hubert,hubert@walthall.org,Summit,OH,44203,330-903-1345,330-566-8898,http://www.deedeanna.com
Englewood,Farrow,"Young, Timothy L Esq",28 S 7th St #2824,Arthur,arthur.farrow@yahoo.com,Bergen,NJ,7631,201-238-5688,201-772-4377,http://www.youngtimothylesq.com
Grand Rapids,Berlanga,"Wells, D Fred Esq",79 S Howell Ave,Vilma,vberlanga@berlanga.com,Kent,MI,49546,616-737-3085,616-568-4113,http://www.wellsdfredesq.com
Pearl,Miro,"Gray, Francine H Esq",36 Lancaster Dr Se,Billye,billye_miro@cox.net,Rankin,MS,39208,601-567-5386,601-637-5479,http://www.grayfrancinehesq.com
Memphis,Slayton,Toledo Iv Care,2759 Livingston Ave,Glenna,glenna_slayton@cox.net,Shelby,TN,38118,901-640-9178,901-869-4314,http://www.toledoivcare.com
Englewood,Hudnall,Cangro Transmission Co,17 Jersey Ave,Mitzie,mitzie_hudnall@yahoo.com,Arapahoe,CO,80110,303-402-1940,303-997-7760,http://www.cangrotransmissionco.com
Memphis,Rodefer,Sat Poly Inc,2 W Grand Ave,Bernardine,bernardine_rodefer@yahoo.com,Shelby,TN,38112,901-901-4726,901-739-5892,http://www.satpolyinc.com
Pasadena,Schmaltz,Midwest Contracting & Mfg Inc,18 Coronado Ave #563,Staci,staci_schmaltz@aol.com,Los Angeles,CA,91106,626-866-2339,626-293-7678,http://www.midwestcontractingmfginc.com
Chicago,Meteer,Print Doctor,72 Beechwood Ter,Nichelle,nichelle_meteer@meteer.com,Cook,IL,60657,773-225-9985,773-857-2231,http://www.printdoctor.com
Astoria,Rhoden,Nordic Group Inc,92 Broadway,Janine,jrhoden@yahoo.com,Queens,NY,11103,718-228-5894,718-728-5051,http://www.nordicgroupinc.com
Richland,Hoopengardner,Jackson Millwork Co,39 Franklin Ave,Ettie,ettie.hoopengardner@hotmail.com,Benton,WA,99352,509-755-5393,509-847-3352,http://www.jacksonmillworkco.com
Baltimore,Jayson,Harris Corporation,4 Iwaena St,Eden,eden_jayson@yahoo.com,Baltimore City,MD,21202,410-890-7866,410-429-4888,http://www.harriscorporation.com
Newark,Auber,United Cerebral Palsy Of Ne Pa,32820 Corkwood Rd,Lynelle,lynelle_auber@gmail.com,Essex,NJ,7104,973-860-8610,973-605-6492,http://www.unitedcerebralpalsyofnepa.com
Bellflower,Tomblin,One Day Surgery Center Inc,34 Raritan Center Pky,Merissa,merissa.tomblin@gmail.com,Los Angeles,CA,90706,562-579-6900,562-719-7922,http://www.onedaysurgerycenterinc.com
Toms River,Kaniecki,Calaveras Prospect,6201 S Nevada Ave,Golda,golda_kaniecki@yahoo.com,Ocean,NJ,8755,732-628-9909,732-617-5310,http://www.calaverasprospect.com
Denville,Gleich,"Terk, Robert E Esq",78 Maryland Dr #146,Catarina,catarina_gleich@hotmail.com,Morris,NJ,7834,973-210-3994,973-491-8723,http://www.terkroberteesq.com
Denver,Kiel,"Cullen, Terrence P Esq",76598 Rd  I 95 #1,Virgie,vkiel@hotmail.com,Denver,CO,80216,303-776-7548,303-845-5408,http://www.cullenterrencepesq.com
Newport News,Ostolaza,Central Die Casting Mfg Co Inc,1610 14th St Nw,Jolene,jolene@yahoo.com,Newport News City,VA,23608,757-682-7116,757-940-1741,http://www.centraldiecastingmfgcoinc.com
Phoenix,Borgman,Centerline Engineering,86350 Roszel Rd,Keneth,keneth@yahoo.com,Maricopa,AZ,85012,602-919-4211,602-442-3092,http://www.centerlineengineering.com
Miami,Nayar,Targan & Kievit Pa,1644 Clove Rd,Rikki,rikki@nayar.com,Miami-Dade,FL,33155,305-968-9487,305-978-2069,http://www.targankievitpa.com
Phoenix,Sengbusch,Riley Riper Hollin & Colagreco,9 W Central Ave,Elke,elke_sengbusch@yahoo.com,Maricopa,AZ,85013,602-896-2993,602-575-3457,http://www.rileyriperhollincolagreco.com
Oak Hill,Sarao,"Kaplan, Joel S Esq",27846 Lafayette Ave,Hoa,hoa@sarao.org,Volusia,FL,32759,386-526-7800,386-599-7296,http://www.kaplanjoelsesq.com
San Francisco,Mcrae,Water Office,10276 Brooks St,Trinidad,trinidad_mcrae@yahoo.com,San Francisco,CA,94105,415-331-9634,415-419-1597,http://www.wateroffice.com
San Diego,Lueckenbach,"Westbrooks, Nelson E Jr",1 Century Park E,Mari,mari_lueckenbach@yahoo.com,San Diego,CA,92110,858-793-9684,858-228-5683,http://www.westbrooksnelsonejr.com
Jersey City,Husser,Armon Communications,9 State Highway 57 #22,Selma,selma.husser@cox.net,Hudson,NJ,7306,201-991-8369,201-772-7699,http://www.armoncommunications.com
San Bernardino,Onofrio,Jacobs & Gerber Inc,4 S Washington Ave,Antione,aonofrio@onofrio.com,San Bernardino,CA,92410,909-430-7765,909-665-3223,http://www.jacobsgerberinc.com
Cambridge,Jurney,Forest Fire Laboratory,25 Se 176th Pl,Luisa,ljurney@hotmail.com,Middlesex,MA,2138,617-365-2134,617-544-2541,http://www.forestfirelaboratory.com
Escondido,Heimann,"Haughey, Charles Jr",105 Richmond Valley Rd,Clorinda,clorinda.heimann@hotmail.com,San Diego,CA,92025,760-291-5497,760-261-4786,http://www.haugheycharlesjr.com
Gardena,Wenzinger,Wheaton Plastic Products,22 Spruce St #595,Dick,dick@yahoo.com,Los Angeles,CA,90248,310-510-9713,310-936-2258,http://www.wheatonplasticproducts.com
Harrisburg,Angalich,Reese Plastics,2 W Beverly Blvd,Ahmed,ahmed.angalich@angalich.com,Dauphin,PA,17110,717-528-8996,717-632-5831,http://www.reeseplastics.com
Mesa,Ohms,Nazette Marner Good Wendt,72 Southern Blvd,Iluminada,iluminada.ohms@yahoo.com,Maricopa,AZ,85204,480-293-2882,480-866-6544,http://www.nazettemarnergoodwendt.com
Lake Worth,Leinenbach,Levinson Axelrod Wheaton,1 Washington St,Joanna,joanna_leinenbach@hotmail.com,Palm Beach,FL,33461,561-470-4574,561-951-9734,http://www.levinsonaxelrodwheaton.com
Nashville,Suell,"Egnor, W Dan Esq",90177 N 55th Ave,Caprice,caprice@aol.com,Davidson,TN,37211,615-246-1824,615-726-4537,http://www.egnorwdanesq.com
Burlington,Myricks,Portland Central Thriftlodge,9 Tower Ave,Stephane,stephane_myricks@cox.net,Boone,KY,41005,859-717-7638,859-308-4286,http://www.portlandcentralthriftlodge.com
Milan,Swayze,Ulbrich Trucking,278 Bayview Ave,Quentin,quentin_swayze@yahoo.com,Monroe,MI,48160,734-561-6170,734-851-8571,http://www.ulbrichtrucking.com
Conroe,Castros,Tipiak Inc,80312 W 32nd St,Annmarie,annmarie_castros@gmail.com,Montgomery,TX,77301,936-751-7961,936-937-2334,http://www.tipiakinc.com
Clifton,Greenbush,Saint George Well Drilling,82 Us Highway 46,Shonda,shonda_greenbush@cox.net,Passaic,NJ,7011,973-482-2430,973-644-2974,http://www.saintgeorgewelldrilling.com
Union City,Lapage,"Hawkes, Douglas D",4 Stovall St #72,Cecil,clapage@lapage.com,Hudson,NJ,7087,201-693-3967,201-856-2720,http://www.hawkesdouglasd.com
Miami,Claucherty,Accurel Systems Intrntl Corp,19 Amboy Ave,Jeanice,jeanice.claucherty@yahoo.com,Miami-Dade,FL,33142,305-988-4162,305-306-7834,http://www.accurelsystemsintrntlcorp.com
Moss,Villanueva,Santa Cruz Community Internet,63 Smith Ln #8343,Josphine,josphine_villanueva@villanueva.com,Clay,TN,38575,931-553-9774,931-486-6946,http://www.santacruzcommunityinternet.com
Santa Ana,Perruzza,Gersh & Danielson,11360 S Halsted St,Daniel,dperruzza@perruzza.com,Orange,CA,92705,714-771-3880,714-531-1391,http://www.gershdanielson.com
Rolling Meadows,Wildfong,"Cobb, James O Esq",26849 Jefferson Hwy,Cassi,cassi.wildfong@aol.com,Cook,IL,60008,847-633-3216,847-755-9041,http://www.cobbjamesoesq.com
Hatfield,Galam,Wheatley Trucking Company,2500 Pringle Rd Se #508,Britt,britt@galam.org,Montgomery,PA,19440,215-888-3304,215-351-8523,http://www.wheatleytruckingcompany.com
Whippany,Lipkin,Systems Graph Inc Ab Dick Dlr,65 Mountain View Dr,Adell,adell.lipkin@lipkin.com,Morris,NJ,7981,973-654-1561,973-662-8988,http://www.systemsgraphincabdickdlr.com
Erie,Rowling,John Hancock Mutl Life Ins Co,1 N San Saba,Jacqueline,jacqueline.rowling@yahoo.com,Erie,PA,16501,814-865-8113,814-481-1700,http://www.johnhancockmutllifeinsco.com
Salt Lake City,Weglarz,History Division Of State,51120 State Route 18,Lonny,lonny_weglarz@gmail.com,Salt Lake,UT,84115,801-293-9853,801-892-8781,http://www.historydivisionofstate.com
Fayetteville,Diestel,"Dimmock, Thomas J Esq",1482 College Ave,Lonna,lonna_diestel@gmail.com,Cumberland,NC,28301,910-922-3672,910-200-7912,http://www.dimmockthomasjesq.com
Los Angeles,Samara,Intermed Inc,4119 Metropolitan Dr,Cristal,cristal@cox.net,Los Angeles,CA,90021,213-975-8026,213-696-8004,http://www.intermedinc.com
East Lansing,Grenet,Bank Of New York,2167 Sierra Rd,Kenneth,kenneth.grenet@grenet.org,Ingham,MI,48823,517-499-2322,517-867-8077,http://www.bankofnewyork.com
Utica,Mclaird,Sportmaster Intrnatl,6 Sunrise Ave,Elli,emclaird@mclaird.com,Oneida,NY,13501,315-818-2638,315-474-5570,http://www.sportmasterintrnatl.com
South Bend,Jeanty,W W John Holden Inc,55713 Lake City Hwy,Alline,ajeanty@gmail.com,St Joseph,IN,46601,574-656-2800,574-405-1983,http://www.wwjohnholdeninc.com
Orlando,Eanes,Maccani & Delp,75698 N Fiesta Blvd,Sharika,sharika.eanes@aol.com,Orange,FL,32806,407-312-1691,407-472-1332,http://www.maccanidelp.com
Harrison,Mcnease,Amazonia Film Project,88 Sw 28th Ter,Nu,nu@gmail.com,Hudson,NJ,7029,973-751-9003,973-903-4175,http://www.amazoniafilmproject.com
Trenton,Comnick,Water & Sewer Department,7 Flowers Rd #403,Daniela,dcomnick@cox.net,Mercer,NJ,8611,609-200-8577,609-398-2805,http://www.watersewerdepartment.com
Madison,Colaizzo,Switchcraft Inc,4 Nw 12th St #3849,Cecilia,cecilia_colaizzo@colaizzo.com,Dane,WI,53717,608-382-4541,608-302-3387,http://www.switchcraftinc.com
Katonah,Threets,C W D C Metal Fabricators,2 A Kelley Dr,Leslie,leslie@cox.net,Westchester,NY,10536,914-861-9748,914-396-2615,http://www.cwdcmetalfabricators.com
Greensboro,Koppinger,"Shimotani, Grace T",88827 Frankford Ave,Nan,nan@koppinger.com,Guilford,NC,27401,336-370-5333,336-564-1492,http://www.shimotanigracet.com
Baltimore,Dewar,"Lisatoni, Jean Esq",2 W Scyene Rd #3,Izetta,idewar@dewar.com,Baltimore City,MD,21217,410-473-1708,410-522-7621,http://www.lisatonijeanesq.com
Monroe Township,Arceo,Ceramic Tile Sales Inc,62260 Park Stre,Tegan,tegan.arceo@arceo.org,Middlesex,NJ,8831,732-730-2692,732-705-6719,http://www.ceramictilesalesinc.com
Kerrville,Keener,Maiden Craft Inc,3424 29th St Se,Ruthann,ruthann@hotmail.com,Kerr,TX,78028,830-258-2769,830-919-5991,http://www.maidencraftinc.com
Elk Grove Village,Breland,Carriage House Cllsn Rpr Inc,35 E Main St #43,Joni,joni_breland@cox.net,Cook,IL,60007,847-519-5906,847-740-5304,http://www.carriagehousecllsnrprinc.com
Freehold,Rentfro,Video Workshop,7163 W Clark Rd,Vi,vrentfro@cox.net,Monmouth,NJ,7728,732-605-4781,732-724-7251,http://www.videoworkshop.com
Omaha,Kardas,Fresno Tile Center Inc,21575 S Apple Creek Rd,Colette,colette.kardas@yahoo.com,Douglas,NE,68124,402-896-5943,402-707-1602,http://www.fresnotilecenterinc.com
Annandale,Tromblay,Versatile Sash & Woodwork,747 Leonis Blvd,Malcolm,malcolm_tromblay@cox.net,Fairfax,VA,22003,703-221-5602,703-874-4248,http://www.versatilesashwoodwork.com
Plano,Harnos,Warner Electric Brk & Cltch Co,13 Gunnison St,Ryan,ryan@cox.net,Collin,TX,75075,972-558-1665,972-961-4968,http://www.warnerelectricbrkcltchco.com
New York,Chaffins,New York Public Library,18 3rd Ave,Jess,jess.chaffins@chaffins.org,New York,NY,10016,212-510-4633,212-428-9538,http://www.newyorkpubliclibrary.com
Syosset,Bourbon,"Mccaleb, John A Esq",62 W Austin St,Sharen,sbourbon@yahoo.com,Nassau,NY,11791,516-816-1541,516-749-3188,http://www.mccalebjohnaesq.com
Crystal River,Juvera,United Oil Co Inc,177 S Rider Trl #52,Nickolas,nickolas_juvera@cox.net,Citrus,FL,34429,352-598-8301,352-947-6152,http://www.unitedoilcoinc.com
Fortville,Nunlee,Irving Foot Center,2 W Mount Royal Ave,Gary,gary_nunlee@nunlee.org,Hancock,IN,46040,317-542-6023,317-887-8486,http://www.irvingfootcenter.com
Saint Joseph,Devreese,Acme Supply Co,1953 Telegraph Rd,Diane,diane@cox.net,Buchanan,MO,64504,816-557-9673,816-329-5565,http://www.acmesupplyco.com
Jackson,Chavous,"Mcrae, James L",63517 Dupont St,Roslyn,roslyn.chavous@chavous.org,Hinds,MS,39211,601-234-9632,601-973-5754,http://www.mcraejamesl.com
Abilene,Schieler,Mcgraths Seafood,5 E Truman Rd,Glory,glory@yahoo.com,Taylor,TX,79602,325-869-2649,325-740-3778,http://www.mcgrathsseafood.com
Saratoga,Sayaphon,"Kummerer, J Michael Esq",251 Park Ave #979,Rasheeda,rasheeda@aol.com,Santa Clara,CA,95070,408-805-4309,408-997-7490,http://www.kummererjmichaelesq.com
Cherry Hill,Palaia,"Stoffer, James M Jr",43496 Commercial Dr #29,Alpha,alpha@yahoo.com,Camden,NJ,8003,856-312-2629,856-513-7024,http://www.stofferjamesmjr.com
Hayward,Jacobos,North Central Fl Sfty Cncl,2184 Worth St,Refugia,refugia.jacobos@jacobos.com,Alameda,CA,94545,510-974-8671,510-509-3496,http://www.northcentralflsftycncl.com
Longwood,Yori,Fiorucci Foods Usa Inc,50126 N Plankinton Ave,Shawnda,shawnda.yori@yahoo.com,Seminole,FL,32750,407-538-5106,407-564-8113,http://www.fioruccifoodsusainc.com
Cheyenne,Delasancha,Sign All,38773 Gravois Ave,Mona,mdelasancha@hotmail.com,Laramie,WY,82001,307-403-1488,307-816-7115,http://www.signall.com
Garden City,Liukko,Sammys Steak Den,16452 Greenwich St,Gilma,gilma_liukko@gmail.com,Nassau,NY,11530,516-393-9967,516-407-9573,http://www.sammyssteakden.com
Madison,Gabisi,"Dobscha, Stephen F Esq",40 Cambridge Ave,Janey,jgabisi@hotmail.com,Dane,WI,53715,608-967-7194,608-586-6912,http://www.dobschastephenfesq.com
Kearny,Paskin,Morgan Custom Homes,20113 4th Ave E,Lili,lili.paskin@cox.net,Hudson,NJ,7032,201-431-2989,201-478-8540,http://www.morgancustomhomes.com
Old Forge,Asar,Olsen Payne & Company,6 Ridgewood Center Dr,Loren,loren.asar@aol.com,Lackawanna,PA,18518,570-648-3035,570-569-2356,http://www.olsenpaynecompany.com
San Diego,Chesterfield,Cowan & Kelly,469 Outwater Ln,Dorothy,dorothy@cox.net,San Diego,CA,92126,858-617-7834,858-732-1884,http://www.cowankelly.com
Thousand Palms,Similton,"Johnson, Wes Esq",62 Monroe St,Gail,gail_similton@similton.com,Riverside,CA,92276,760-616-5388,760-493-9208,http://www.johnsonwesesq.com
Margate City,Tillotson,Icn Pharmaceuticals Inc,3338 A Lockport Pl #6,Catalina,catalina@hotmail.com,Atlantic,NJ,8402,609-373-3332,609-826-4990,http://www.icnpharmaceuticalsinc.com
Providence,Lorens,New England Sec Equip Co Inc,9 Hwy,Lawrence,lawrence.lorens@hotmail.com,Providence,RI,2906,401-465-6432,401-893-1820,http://www.newenglandsecequipcoinc.com
Abilene,Boulter,"Tippett, Troy M Ii",8284 Hart St,Carlee,carlee.boulter@hotmail.com,Dickinson,KS,67410,785-347-1805,785-253-7049,http://www.tippetttroymii.com
Roseville,Ankeny,Atc Contracting,5 Washington St #1,Thaddeus,tankeny@ankeny.org,Placer,CA,95678,916-920-3571,916-459-2433,http://www.atccontracting.com
Daytona Beach,Oles,"Pagano, Philip G Esq",8 S Haven St,Jovita,joles@gmail.com,Volusia,FL,32114,386-248-4118,386-208-6976,http://www.paganophilipgesq.com
Washington,Hixenbaugh,Kwikprint,9 Front St,Alesia,alesia_hixenbaugh@hixenbaugh.org,District of Columbia,DC,20001,202-646-7516,202-276-6826,http://www.kwikprint.com
Novato,Harabedian,Buergi & Madden Scale,1933 Packer Ave #2,Lai,lai@gmail.com,Marin,CA,94945,415-423-3294,415-926-6089,http://www.buergimaddenscale.com
Boise,Gillaspie,Inner Label,67 Rv Cent,Brittni,bgillaspie@gillaspie.com,Ada,ID,83709,208-709-1235,208-206-9848,http://www.innerlabel.com
Elkhart,Kampa,Hermar Inc,2 Sw Nyberg Rd,Raylene,rkampa@kampa.org,Elkhart,IN,46514,574-499-1454,574-330-1884,http://www.hermarinc.com
Alliance,Bookamer,Simonton Howe & Schneider Pc,89992 E 15th St,Flo,flo.bookamer@cox.net,Box Butte,NE,69301,308-726-2182,308-250-6987,http://www.simontonhoweschneiderpc.com
Seattle,Biddy,Warehouse Office & Paper Prod,61556 W 20th Ave,Jani,jbiddy@yahoo.com,King,WA,98104,206-711-6498,206-395-6284,http://www.warehouseofficepaperprod.com
Orlando,Motley,Affiliated With Travelodge,63 E Aurora Dr,Chauncey,chauncey_motley@aol.com,Orange,FL,32804,407-413-4842,407-557-8857,http://www.affiliatedwithtravelodge.com
